1,SIN PRONOSTICO
2,SIN PRONOSTICO
3,SIN PRONOSTICO
4,SIN PRONOSTICO
5,SIN PRONOSTICO
6,SIN PRONOSTICO
7,SIN PRONOSTICO
8,SIN PRONOSTICO
9,SIN PRONOSTICO
10,SIN PRONOSTICO
11,SIN PRONOSTICO
12,SIN PRONOSTICO
13,SIN PRONOSTICO
14,SIN PRONOSTICO
15,SIN PRONOSTICO
16,SIN PRONOSTICO
17,SIN PRONOSTICO
18,SIN PRONOSTICO
19,SIN PRONOSTICO
20,SIN PRONOSTICO
21,SIN PRONOSTICO
22,SIN PRONOSTICO
23,LLUVIA
24,LLUVIA
25,LLUVIA
26,LLUVIA
27,LLUVIA
28,LLUVIA
29,LLUVIA
30,LLUVIA
31,SIN PRONOSTICO
32,SIN PRONOSTICO
33,SIN PRONOSTICO
34,SIN PRONOSTICO
35,SIN PRONOSTICO
36,SIN PRONOSTICO
37,SIN PRONOSTICO
38,SIN PRONOSTICO
39,SIN PRONOSTICO
40,SIN PRONOSTICO
41,SIN PRONOSTICO
42,SIN PRONOSTICO
43,SIN PRONOSTICO
44,SIN PRONOSTICO
45,SIN PRONOSTICO
46,SIN PRONOSTICO
47,SIN PRONOSTICO
48,SIN PRONOSTICO
49,SIN PRONOSTICO
50,SIN PRONOSTICO
51,SIN PRONOSTICO
52,SIN PRONOSTICO
53,SIN PRONOSTICO
54,SIN PRONOSTICO
55,SIN PRONOSTICO
56,SIN PRONOSTICO
57,SIN PRONOSTICO
58,SIN PRONOSTICO
59,SIN PRONOSTICO
60,SIN PRONOSTICO
61,SIN PRONOSTICO
62,SIN PRONOSTICO
63,SIN PRONOSTICO
64,SIN PRONOSTICO
65,SIN PRONOSTICO
66,SIN PRONOSTICO
67,SIN PRONOSTICO
68,LLUVIA
69,LLUVIA
70,LLUVIA
71,LLUVIA
72,LLUVIA
73,LLUVIA
74,LLUVIA
75,LLUVIA
76,LLUVIA
77,LLUVIA
78,LLUVIA
79,LLUVIA
80,LLUVIA
81,LLUVIA
82,LLUVIA
83,LLUVIA
84,LLUVIA
85,LLUVIA
86,LLUVIA
87,LLUVIA
88,LLUVIA
89,LLUVIA
90,SEQUIA
91,LLUVIA
92,LLUVIA
93,LLUVIA
94,LLUVIA
95,LLUVIA
96,LLUVIA
97,LLUVIA
98,LLUVIA
99,LLUVIA
100,LLUVIA
101,LLUVIA
102,LLUVIA
103,LLUVIA
104,LLUVIA
105,LLUVIA
106,LLUVIA
107,LLUVIA
108,LLUVIA
109,LLUVIA
110,LLUVIA
111,LLUVIA
112,LLUVIA
113,SIN PRONOSTICO
114,SIN PRONOSTICO
115,SIN PRONOSTICO
116,SIN PRONOSTICO
117,SIN PRONOSTICO
118,SIN PRONOSTICO
119,SIN PRONOSTICO
120,SIN PRONOSTICO
121,SIN PRONOSTICO
122,SIN PRONOSTICO
123,SIN PRONOSTICO
124,SIN PRONOSTICO
125,SIN PRONOSTICO
126,SIN PRONOSTICO
127,SIN PRONOSTICO
128,SIN PRONOSTICO
129,SIN PRONOSTICO
130,SIN PRONOSTICO
131,SIN PRONOSTICO
132,SIN PRONOSTICO
133,SIN PRONOSTICO
134,SIN PRONOSTICO
135,SIN PRONOSTICO
136,SIN PRONOSTICO
137,SIN PRONOSTICO
138,SIN PRONOSTICO
139,SIN PRONOSTICO
140,SIN PRONOSTICO
141,SIN PRONOSTICO
142,SIN PRONOSTICO
143,SIN PRONOSTICO
144,SIN PRONOSTICO
145,SIN PRONOSTICO
146,SIN PRONOSTICO
147,SIN PRONOSTICO
148,SIN PRONOSTICO
149,SIN PRONOSTICO
150,LLUVIA
151,LLUVIA
152,LLUVIA
153,LLUVIA
154,LLUVIA
155,LLUVIA
156,LLUVIA
157,LLUVIA
158,SIN PRONOSTICO
159,SIN PRONOSTICO
160,SIN PRONOSTICO
161,SIN PRONOSTICO
162,SIN PRONOSTICO
163,SIN PRONOSTICO
164,SIN PRONOSTICO
165,SIN PRONOSTICO
166,SIN PRONOSTICO
167,SIN PRONOSTICO
168,SIN PRONOSTICO
169,SIN PRONOSTICO
170,SIN PRONOSTICO
171,SIN PRONOSTICO
172,SIN PRONOSTICO
173,SIN PRONOSTICO
174,SIN PRONOSTICO
175,SIN PRONOSTICO
176,SIN PRONOSTICO
177,SIN PRONOSTICO
178,SIN PRONOSTICO
179,SIN PRONOSTICO
180,SEQUIA
181,SIN PRONOSTICO
182,SIN PRONOSTICO
183,SIN PRONOSTICO
184,SIN PRONOSTICO
185,SIN PRONOSTICO
186,SIN PRONOSTICO
187,SIN PRONOSTICO
188,SIN PRONOSTICO
189,SIN PRONOSTICO
190,SIN PRONOSTICO
191,SIN PRONOSTICO
192,SIN PRONOSTICO
193,SIN PRONOSTICO
194,SIN PRONOSTICO
195,SIN PRONOSTICO
196,SIN PRONOSTICO
197,SIN PRONOSTICO
198,SIN PRONOSTICO
199,SIN PRONOSTICO
200,SIN PRONOSTICO
201,SIN PRONOSTICO
202,SIN PRONOSTICO
203,LLUVIA
204,LLUVIA
205,LLUVIA
206,LLUVIA
207,LLUVIA
208,LLUVIA
209,LLUVIA
210,SIN PRONOSTICO
211,SIN PRONOSTICO
212,SIN PRONOSTICO
213,SIN PRONOSTICO
214,SIN PRONOSTICO
215,SIN PRONOSTICO
216,SIN PRONOSTICO
217,SIN PRONOSTICO
218,SIN PRONOSTICO
219,SIN PRONOSTICO
220,SIN PRONOSTICO
221,SIN PRONOSTICO
222,SIN PRONOSTICO
223,SIN PRONOSTICO
224,SIN PRONOSTICO
225,SIN PRONOSTICO
226,SIN PRONOSTICO
227,SIN PRONOSTICO
228,SIN PRONOSTICO
229,SIN PRONOSTICO
230,SIN PRONOSTICO
231,SIN PRONOSTICO
232,SIN PRONOSTICO
233,SIN PRONOSTICO
234,SIN PRONOSTICO
235,SIN PRONOSTICO
236,SIN PRONOSTICO
237,SIN PRONOSTICO
238,SIN PRONOSTICO
239,SIN PRONOSTICO
240,SIN PRONOSTICO
241,SIN PRONOSTICO
242,SIN PRONOSTICO
243,SIN PRONOSTICO
244,SIN PRONOSTICO
245,SIN PRONOSTICO
246,SIN PRONOSTICO
247,SIN PRONOSTICO
248,LLUVIA
249,LLUVIA
250,LLUVIA
251,LLUVIA
252,LLUVIA
253,LLUVIA
254,LLUVIA
255,LLUVIA
256,LLUVIA
257,LLUVIA
258,LLUVIA
259,LLUVIA
260,LLUVIA
261,LLUVIA
262,LLUVIA
263,LLUVIA
264,LLUVIA
265,LLUVIA
266,LLUVIA
267,LLUVIA
268,LLUVIA
269,LLUVIA
270,SEQUIA
271,LLUVIA
272,LLUVIA
273,LLUVIA
274,LLUVIA
275,LLUVIA
276,LLUVIA
277,LLUVIA
278,LLUVIA
279,LLUVIA
280,LLUVIA
281,LLUVIA
282,LLUVIA INTESA
283,LLUVIA
284,LLUVIA
285,LLUVIA
286,LLUVIA
287,LLUVIA
288,LLUVIA
289,LLUVIA
290,LLUVIA
291,LLUVIA
292,LLUVIA
293,SIN PRONOSTICO
294,SIN PRONOSTICO
295,SIN PRONOSTICO
296,SIN PRONOSTICO
297,SIN PRONOSTICO
298,SIN PRONOSTICO
299,SIN PRONOSTICO
300,SIN PRONOSTICO
301,SIN PRONOSTICO
302,SIN PRONOSTICO
303,SIN PRONOSTICO
304,SIN PRONOSTICO
305,SIN PRONOSTICO
306,SIN PRONOSTICO
307,SIN PRONOSTICO
308,SIN PRONOSTICO
309,SIN PRONOSTICO
310,SIN PRONOSTICO
311,SIN PRONOSTICO
312,SIN PRONOSTICO
313,SIN PRONOSTICO
314,SIN PRONOSTICO
315,SIN PRONOSTICO
316,SIN PRONOSTICO
317,SIN PRONOSTICO
318,SIN PRONOSTICO
319,SIN PRONOSTICO
320,SIN PRONOSTICO
321,SIN PRONOSTICO
322,SIN PRONOSTICO
323,SIN PRONOSTICO
324,SIN PRONOSTICO
325,SIN PRONOSTICO
326,SIN PRONOSTICO
327,SIN PRONOSTICO
328,SIN PRONOSTICO
329,SIN PRONOSTICO
330,SIN PRONOSTICO
331,LLUVIA
332,LLUVIA
333,LLUVIA
334,LLUVIA
335,LLUVIA
336,LLUVIA
337,LLUVIA
338,SIN PRONOSTICO
339,SIN PRONOSTICO
340,SIN PRONOSTICO
341,SIN PRONOSTICO
342,SIN PRONOSTICO
343,SIN PRONOSTICO
344,SIN PRONOSTICO
345,SIN PRONOSTICO
346,SIN PRONOSTICO
347,SIN PRONOSTICO
348,SIN PRONOSTICO
349,SIN PRONOSTICO
350,SIN PRONOSTICO
351,SIN PRONOSTICO
352,SIN PRONOSTICO
353,SIN PRONOSTICO
354,SIN PRONOSTICO
355,SIN PRONOSTICO
356,SIN PRONOSTICO
357,SIN PRONOSTICO
358,SIN PRONOSTICO
359,SIN PRONOSTICO
360,SEQUIA
361,SIN PRONOSTICO
362,SIN PRONOSTICO
363,SIN PRONOSTICO
364,SIN PRONOSTICO
365,SIN PRONOSTICO
366,SIN PRONOSTICO
367,SIN PRONOSTICO
368,SIN PRONOSTICO
369,SIN PRONOSTICO
370,SIN PRONOSTICO
371,SIN PRONOSTICO
372,SIN PRONOSTICO
373,SIN PRONOSTICO
374,SIN PRONOSTICO
375,SIN PRONOSTICO
376,SIN PRONOSTICO
377,SIN PRONOSTICO
378,SIN PRONOSTICO
379,SIN PRONOSTICO
380,SIN PRONOSTICO
381,SIN PRONOSTICO
382,SIN PRONOSTICO
383,LLUVIA
384,LLUVIA
385,LLUVIA
386,LLUVIA
387,LLUVIA
388,LLUVIA
389,LLUVIA
390,SIN PRONOSTICO
391,SIN PRONOSTICO
392,SIN PRONOSTICO
393,SIN PRONOSTICO
394,SIN PRONOSTICO
395,SIN PRONOSTICO
396,SIN PRONOSTICO
397,SIN PRONOSTICO
398,SIN PRONOSTICO
399,SIN PRONOSTICO
400,SIN PRONOSTICO
401,SIN PRONOSTICO
402,SIN PRONOSTICO
403,SIN PRONOSTICO
404,SIN PRONOSTICO
405,SIN PRONOSTICO
406,SIN PRONOSTICO
407,SIN PRONOSTICO
408,SIN PRONOSTICO
409,SIN PRONOSTICO
410,SIN PRONOSTICO
411,SIN PRONOSTICO
412,SIN PRONOSTICO
413,SIN PRONOSTICO
414,SIN PRONOSTICO
415,SIN PRONOSTICO
416,SIN PRONOSTICO
417,SIN PRONOSTICO
418,SIN PRONOSTICO
419,SIN PRONOSTICO
420,SIN PRONOSTICO
421,SIN PRONOSTICO
422,SIN PRONOSTICO
423,SIN PRONOSTICO
424,SIN PRONOSTICO
425,SIN PRONOSTICO
426,SIN PRONOSTICO
427,SIN PRONOSTICO
428,LLUVIA
429,LLUVIA
430,LLUVIA
431,LLUVIA
432,LLUVIA
433,LLUVIA
434,LLUVIA
435,LLUVIA
436,LLUVIA
437,LLUVIA
438,LLUVIA INTESA
439,LLUVIA
440,LLUVIA
441,LLUVIA
442,LLUVIA
443,LLUVIA
444,LLUVIA
445,LLUVIA
446,LLUVIA
447,LLUVIA
448,LLUVIA
449,LLUVIA
450,SEQUIA
451,LLUVIA
452,LLUVIA
453,LLUVIA
454,LLUVIA
455,LLUVIA
456,LLUVIA
457,LLUVIA
458,LLUVIA
459,LLUVIA
460,LLUVIA
461,LLUVIA
462,LLUVIA INTESA
463,LLUVIA
464,LLUVIA
465,LLUVIA
466,LLUVIA
467,LLUVIA
468,LLUVIA
469,LLUVIA
470,LLUVIA
471,LLUVIA
472,LLUVIA
473,SIN PRONOSTICO
474,SIN PRONOSTICO
475,SIN PRONOSTICO
476,SIN PRONOSTICO
477,SIN PRONOSTICO
478,SIN PRONOSTICO
479,SIN PRONOSTICO
480,SIN PRONOSTICO
481,SIN PRONOSTICO
482,SIN PRONOSTICO
483,SIN PRONOSTICO
484,SIN PRONOSTICO
485,SIN PRONOSTICO
486,SIN PRONOSTICO
487,SIN PRONOSTICO
488,SIN PRONOSTICO
489,SIN PRONOSTICO
490,SIN PRONOSTICO
491,SIN PRONOSTICO
492,SIN PRONOSTICO
493,SIN PRONOSTICO
494,SIN PRONOSTICO
495,SIN PRONOSTICO
496,SIN PRONOSTICO
497,SIN PRONOSTICO
498,SIN PRONOSTICO
499,SIN PRONOSTICO
500,SIN PRONOSTICO
501,SIN PRONOSTICO
502,SIN PRONOSTICO
503,SIN PRONOSTICO
504,SIN PRONOSTICO
505,SIN PRONOSTICO
506,SIN PRONOSTICO
507,SIN PRONOSTICO
508,SIN PRONOSTICO
509,SIN PRONOSTICO
510,LLUVIA
511,LLUVIA
512,LLUVIA
513,LLUVIA
514,LLUVIA
515,LLUVIA
516,LLUVIA
517,LLUVIA
518,SIN PRONOSTICO
519,SIN PRONOSTICO
520,SIN PRONOSTICO
521,SIN PRONOSTICO
522,SIN PRONOSTICO
523,SIN PRONOSTICO
524,SIN PRONOSTICO
525,SIN PRONOSTICO
526,SIN PRONOSTICO
527,SIN PRONOSTICO
528,SIN PRONOSTICO
529,SIN PRONOSTICO
530,SIN PRONOSTICO
531,SIN PRONOSTICO
532,SIN PRONOSTICO
533,SIN PRONOSTICO
534,SIN PRONOSTICO
535,SIN PRONOSTICO
536,SIN PRONOSTICO
537,SIN PRONOSTICO
538,SIN PRONOSTICO
539,SIN PRONOSTICO
540,SEQUIA
541,SIN PRONOSTICO
542,SIN PRONOSTICO
543,SIN PRONOSTICO
544,SIN PRONOSTICO
545,SIN PRONOSTICO
546,SIN PRONOSTICO
547,SIN PRONOSTICO
548,SIN PRONOSTICO
549,SIN PRONOSTICO
550,SIN PRONOSTICO
551,SIN PRONOSTICO
552,SIN PRONOSTICO
553,SIN PRONOSTICO
554,SIN PRONOSTICO
555,SIN PRONOSTICO
556,SIN PRONOSTICO
557,SIN PRONOSTICO
558,SIN PRONOSTICO
559,SIN PRONOSTICO
560,SIN PRONOSTICO
561,SIN PRONOSTICO
562,SIN PRONOSTICO
563,LLUVIA
564,LLUVIA
565,LLUVIA
566,LLUVIA
567,LLUVIA
568,LLUVIA
569,LLUVIA
570,LLUVIA
571,SIN PRONOSTICO
572,SIN PRONOSTICO
573,SIN PRONOSTICO
574,SIN PRONOSTICO
575,SIN PRONOSTICO
576,SIN PRONOSTICO
577,SIN PRONOSTICO
578,SIN PRONOSTICO
579,SIN PRONOSTICO
580,SIN PRONOSTICO
581,SIN PRONOSTICO
582,SIN PRONOSTICO
583,SIN PRONOSTICO
584,SIN PRONOSTICO
585,SIN PRONOSTICO
586,SIN PRONOSTICO
587,SIN PRONOSTICO
588,SIN PRONOSTICO
589,SIN PRONOSTICO
590,SIN PRONOSTICO
591,SIN PRONOSTICO
592,SIN PRONOSTICO
593,SIN PRONOSTICO
594,SIN PRONOSTICO
595,SIN PRONOSTICO
596,SIN PRONOSTICO
597,SIN PRONOSTICO
598,SIN PRONOSTICO
599,SIN PRONOSTICO
600,SIN PRONOSTICO
601,SIN PRONOSTICO
602,SIN PRONOSTICO
603,SIN PRONOSTICO
604,SIN PRONOSTICO
605,SIN PRONOSTICO
606,SIN PRONOSTICO
607,SIN PRONOSTICO
608,LLUVIA
609,LLUVIA
610,LLUVIA
611,LLUVIA
612,LLUVIA
613,LLUVIA
614,LLUVIA
615,LLUVIA
616,LLUVIA
617,LLUVIA
618,LLUVIA INTESA
619,LLUVIA
620,LLUVIA
621,LLUVIA
622,LLUVIA
623,LLUVIA
624,LLUVIA
625,LLUVIA
626,LLUVIA
627,LLUVIA
628,LLUVIA
629,LLUVIA
630,SEQUIA
631,LLUVIA
632,LLUVIA
633,LLUVIA
634,LLUVIA
635,LLUVIA
636,LLUVIA
637,LLUVIA
638,LLUVIA
639,LLUVIA
640,LLUVIA
641,LLUVIA
642,LLUVIA INTESA
643,LLUVIA
644,LLUVIA
645,LLUVIA
646,LLUVIA
647,LLUVIA
648,LLUVIA
649,LLUVIA
650,LLUVIA
651,LLUVIA
652,LLUVIA
653,SIN PRONOSTICO
654,SIN PRONOSTICO
655,SIN PRONOSTICO
656,SIN PRONOSTICO
657,SIN PRONOSTICO
658,SIN PRONOSTICO
659,SIN PRONOSTICO
660,SIN PRONOSTICO
661,SIN PRONOSTICO
662,SIN PRONOSTICO
663,SIN PRONOSTICO
664,SIN PRONOSTICO
665,SIN PRONOSTICO
666,SIN PRONOSTICO
667,SIN PRONOSTICO
668,SIN PRONOSTICO
669,SIN PRONOSTICO
670,SIN PRONOSTICO
671,SIN PRONOSTICO
672,SIN PRONOSTICO
673,SIN PRONOSTICO
674,SIN PRONOSTICO
675,SIN PRONOSTICO
676,SIN PRONOSTICO
677,SIN PRONOSTICO
678,SIN PRONOSTICO
679,SIN PRONOSTICO
680,SIN PRONOSTICO
681,SIN PRONOSTICO
682,SIN PRONOSTICO
683,SIN PRONOSTICO
684,SIN PRONOSTICO
685,SIN PRONOSTICO
686,SIN PRONOSTICO
687,SIN PRONOSTICO
688,SIN PRONOSTICO
689,SIN PRONOSTICO
690,LLUVIA
691,LLUVIA
692,LLUVIA
693,LLUVIA
694,LLUVIA
695,LLUVIA
696,LLUVIA
697,LLUVIA
698,SIN PRONOSTICO
699,SIN PRONOSTICO
700,SIN PRONOSTICO
701,SIN PRONOSTICO
702,SIN PRONOSTICO
703,SIN PRONOSTICO
704,SIN PRONOSTICO
705,SIN PRONOSTICO
706,SIN PRONOSTICO
707,SIN PRONOSTICO
708,SIN PRONOSTICO
709,SIN PRONOSTICO
710,SIN PRONOSTICO
711,SIN PRONOSTICO
712,SIN PRONOSTICO
713,SIN PRONOSTICO
714,SIN PRONOSTICO
715,SIN PRONOSTICO
716,SIN PRONOSTICO
717,SIN PRONOSTICO
718,SIN PRONOSTICO
719,SIN PRONOSTICO
720,SEQUIA
721,SIN PRONOSTICO
722,SIN PRONOSTICO
723,SIN PRONOSTICO
724,SIN PRONOSTICO
725,SIN PRONOSTICO
726,SIN PRONOSTICO
727,SIN PRONOSTICO
728,SIN PRONOSTICO
729,SIN PRONOSTICO
730,SIN PRONOSTICO
731,SIN PRONOSTICO
732,SIN PRONOSTICO
733,SIN PRONOSTICO
734,SIN PRONOSTICO
735,SIN PRONOSTICO
736,SIN PRONOSTICO
737,SIN PRONOSTICO
738,SIN PRONOSTICO
739,SIN PRONOSTICO
740,SIN PRONOSTICO
741,SIN PRONOSTICO
742,SIN PRONOSTICO
743,LLUVIA
744,LLUVIA
745,LLUVIA
746,LLUVIA
747,LLUVIA
748,LLUVIA
749,LLUVIA
750,LLUVIA
751,SIN PRONOSTICO
752,SIN PRONOSTICO
753,SIN PRONOSTICO
754,SIN PRONOSTICO
755,SIN PRONOSTICO
756,SIN PRONOSTICO
757,SIN PRONOSTICO
758,SIN PRONOSTICO
759,SIN PRONOSTICO
760,SIN PRONOSTICO
761,SIN PRONOSTICO
762,SIN PRONOSTICO
763,SIN PRONOSTICO
764,SIN PRONOSTICO
765,SIN PRONOSTICO
766,SIN PRONOSTICO
767,SIN PRONOSTICO
768,SIN PRONOSTICO
769,SIN PRONOSTICO
770,SIN PRONOSTICO
771,SIN PRONOSTICO
772,SIN PRONOSTICO
773,SIN PRONOSTICO
774,SIN PRONOSTICO
775,SIN PRONOSTICO
776,SIN PRONOSTICO
777,SIN PRONOSTICO
778,SIN PRONOSTICO
779,SIN PRONOSTICO
780,SIN PRONOSTICO
781,SIN PRONOSTICO
782,SIN PRONOSTICO
783,SIN PRONOSTICO
784,SIN PRONOSTICO
785,SIN PRONOSTICO
786,SIN PRONOSTICO
787,SIN PRONOSTICO
788,LLUVIA
789,LLUVIA
790,LLUVIA
791,LLUVIA
792,LLUVIA
793,LLUVIA
794,LLUVIA
795,LLUVIA
796,LLUVIA
797,LLUVIA
798,LLUVIA INTESA
799,LLUVIA
800,LLUVIA
801,LLUVIA
802,LLUVIA
803,LLUVIA
804,LLUVIA
805,LLUVIA
806,LLUVIA
807,LLUVIA
808,LLUVIA
809,LLUVIA
810,SEQUIA
811,LLUVIA
812,LLUVIA
813,LLUVIA
814,LLUVIA
815,LLUVIA
816,LLUVIA
817,LLUVIA
818,LLUVIA
819,LLUVIA
820,LLUVIA
821,LLUVIA
822,LLUVIA
823,LLUVIA
824,LLUVIA
825,LLUVIA
826,LLUVIA
827,LLUVIA
828,LLUVIA
829,LLUVIA
830,LLUVIA
831,LLUVIA
832,LLUVIA
833,SIN PRONOSTICO
834,SIN PRONOSTICO
835,SIN PRONOSTICO
836,SIN PRONOSTICO
837,SIN PRONOSTICO
838,SIN PRONOSTICO
839,SIN PRONOSTICO
840,SIN PRONOSTICO
841,SIN PRONOSTICO
842,SIN PRONOSTICO
843,SIN PRONOSTICO
844,SIN PRONOSTICO
845,SIN PRONOSTICO
846,SIN PRONOSTICO
847,SIN PRONOSTICO
848,SIN PRONOSTICO
849,SIN PRONOSTICO
850,SIN PRONOSTICO
851,SIN PRONOSTICO
852,SIN PRONOSTICO
853,SIN PRONOSTICO
854,SIN PRONOSTICO
855,SIN PRONOSTICO
856,SIN PRONOSTICO
857,SIN PRONOSTICO
858,SIN PRONOSTICO
859,SIN PRONOSTICO
860,SIN PRONOSTICO
861,SIN PRONOSTICO
862,SIN PRONOSTICO
863,SIN PRONOSTICO
864,SIN PRONOSTICO
865,SIN PRONOSTICO
866,SIN PRONOSTICO
867,SIN PRONOSTICO
868,SIN PRONOSTICO
869,SIN PRONOSTICO
870,LLUVIA
871,LLUVIA
872,LLUVIA
873,LLUVIA
874,LLUVIA
875,LLUVIA
876,LLUVIA
877,LLUVIA
878,SIN PRONOSTICO
879,SIN PRONOSTICO
880,SIN PRONOSTICO
881,SIN PRONOSTICO
882,SIN PRONOSTICO
883,SIN PRONOSTICO
884,SIN PRONOSTICO
885,SIN PRONOSTICO
886,SIN PRONOSTICO
887,SIN PRONOSTICO
888,SIN PRONOSTICO
889,SIN PRONOSTICO
890,SIN PRONOSTICO
891,SIN PRONOSTICO
892,SIN PRONOSTICO
893,SIN PRONOSTICO
894,SIN PRONOSTICO
895,SIN PRONOSTICO
896,SIN PRONOSTICO
897,SIN PRONOSTICO
898,SIN PRONOSTICO
899,SIN PRONOSTICO
900,SEQUIA
901,SIN PRONOSTICO
902,SIN PRONOSTICO
903,SIN PRONOSTICO
904,SIN PRONOSTICO
905,SIN PRONOSTICO
906,SIN PRONOSTICO
907,SIN PRONOSTICO
908,SIN PRONOSTICO
909,SIN PRONOSTICO
910,SIN PRONOSTICO
911,SIN PRONOSTICO
912,SIN PRONOSTICO
913,SIN PRONOSTICO
914,SIN PRONOSTICO
915,SIN PRONOSTICO
916,SIN PRONOSTICO
917,SIN PRONOSTICO
918,SIN PRONOSTICO
919,SIN PRONOSTICO
920,SIN PRONOSTICO
921,SIN PRONOSTICO
922,SIN PRONOSTICO
923,LLUVIA
924,LLUVIA
925,LLUVIA
926,LLUVIA
927,LLUVIA
928,LLUVIA
929,LLUVIA
930,LLUVIA
931,SIN PRONOSTICO
932,SIN PRONOSTICO
933,SIN PRONOSTICO
934,SIN PRONOSTICO
935,SIN PRONOSTICO
936,SIN PRONOSTICO
937,SIN PRONOSTICO
938,SIN PRONOSTICO
939,SIN PRONOSTICO
940,SIN PRONOSTICO
941,SIN PRONOSTICO
942,SIN PRONOSTICO
943,SIN PRONOSTICO
944,SIN PRONOSTICO
945,SIN PRONOSTICO
946,SIN PRONOSTICO
947,SIN PRONOSTICO
948,SIN PRONOSTICO
949,SIN PRONOSTICO
950,SIN PRONOSTICO
951,SIN PRONOSTICO
952,SIN PRONOSTICO
953,SIN PRONOSTICO
954,SIN PRONOSTICO
955,SIN PRONOSTICO
956,SIN PRONOSTICO
957,SIN PRONOSTICO
958,SIN PRONOSTICO
959,SIN PRONOSTICO
960,SIN PRONOSTICO
961,SIN PRONOSTICO
962,SIN PRONOSTICO
963,SIN PRONOSTICO
964,SIN PRONOSTICO
965,SIN PRONOSTICO
966,SIN PRONOSTICO
967,SIN PRONOSTICO
968,LLUVIA
969,LLUVIA
970,LLUVIA
971,LLUVIA
972,LLUVIA
973,LLUVIA
974,LLUVIA
975,LLUVIA
976,LLUVIA
977,LLUVIA
978,LLUVIA
979,LLUVIA
980,LLUVIA
981,LLUVIA
982,LLUVIA
983,LLUVIA
984,LLUVIA
985,LLUVIA
986,LLUVIA
987,LLUVIA
988,LLUVIA
989,LLUVIA
990,SEQUIA
991,LLUVIA
992,LLUVIA
993,LLUVIA
994,LLUVIA
995,LLUVIA
996,LLUVIA
997,LLUVIA
998,LLUVIA
999,LLUVIA
1000,LLUVIA
1001,LLUVIA
1002,LLUVIA INTESA
1003,LLUVIA
1004,LLUVIA
1005,LLUVIA
1006,LLUVIA
1007,LLUVIA
1008,LLUVIA
1009,LLUVIA
1010,LLUVIA
1011,LLUVIA
1012,LLUVIA
1013,SIN PRONOSTICO
1014,SIN PRONOSTICO
1015,SIN PRONOSTICO
1016,SIN PRONOSTICO
1017,SIN PRONOSTICO
1018,SIN PRONOSTICO
1019,SIN PRONOSTICO
1020,SIN PRONOSTICO
1021,SIN PRONOSTICO
1022,SIN PRONOSTICO
1023,SIN PRONOSTICO
1024,SIN PRONOSTICO
1025,SIN PRONOSTICO
1026,SIN PRONOSTICO
1027,SIN PRONOSTICO
1028,SIN PRONOSTICO
1029,SIN PRONOSTICO
1030,SIN PRONOSTICO
1031,SIN PRONOSTICO
1032,SIN PRONOSTICO
1033,SIN PRONOSTICO
1034,SIN PRONOSTICO
1035,SIN PRONOSTICO
1036,SIN PRONOSTICO
1037,SIN PRONOSTICO
1038,SIN PRONOSTICO
1039,SIN PRONOSTICO
1040,SIN PRONOSTICO
1041,SIN PRONOSTICO
1042,SIN PRONOSTICO
1043,SIN PRONOSTICO
1044,SIN PRONOSTICO
1045,SIN PRONOSTICO
1046,SIN PRONOSTICO
1047,SIN PRONOSTICO
1048,SIN PRONOSTICO
1049,SIN PRONOSTICO
1050,LLUVIA
1051,LLUVIA
1052,LLUVIA
1053,LLUVIA
1054,LLUVIA
1055,LLUVIA
1056,LLUVIA
1057,LLUVIA
1058,SIN PRONOSTICO
1059,SIN PRONOSTICO
1060,SIN PRONOSTICO
1061,SIN PRONOSTICO
1062,SIN PRONOSTICO
1063,SIN PRONOSTICO
1064,SIN PRONOSTICO
1065,SIN PRONOSTICO
1066,SIN PRONOSTICO
1067,SIN PRONOSTICO
1068,SIN PRONOSTICO
1069,SIN PRONOSTICO
1070,SIN PRONOSTICO
1071,SIN PRONOSTICO
1072,SIN PRONOSTICO
1073,SIN PRONOSTICO
1074,SIN PRONOSTICO
1075,SIN PRONOSTICO
1076,SIN PRONOSTICO
1077,SIN PRONOSTICO
1078,SIN PRONOSTICO
1079,SIN PRONOSTICO
1080,SEQUIA
1081,SIN PRONOSTICO
1082,SIN PRONOSTICO
1083,SIN PRONOSTICO
1084,SIN PRONOSTICO
1085,SIN PRONOSTICO
1086,SIN PRONOSTICO
1087,SIN PRONOSTICO
1088,SIN PRONOSTICO
1089,SIN PRONOSTICO
1090,SIN PRONOSTICO
1091,SIN PRONOSTICO
1092,SIN PRONOSTICO
1093,SIN PRONOSTICO
1094,SIN PRONOSTICO
1095,SIN PRONOSTICO
1096,SIN PRONOSTICO
1097,SIN PRONOSTICO
1098,SIN PRONOSTICO
1099,SIN PRONOSTICO
1100,SIN PRONOSTICO
1101,SIN PRONOSTICO
1102,SIN PRONOSTICO
1103,LLUVIA
1104,LLUVIA
1105,LLUVIA
1106,LLUVIA
1107,LLUVIA
1108,LLUVIA
1109,LLUVIA
1110,LLUVIA
1111,SIN PRONOSTICO
1112,SIN PRONOSTICO
1113,SIN PRONOSTICO
1114,SIN PRONOSTICO
1115,SIN PRONOSTICO
1116,SIN PRONOSTICO
1117,SIN PRONOSTICO
1118,SIN PRONOSTICO
1119,SIN PRONOSTICO
1120,SIN PRONOSTICO
1121,SIN PRONOSTICO
1122,SIN PRONOSTICO
1123,SIN PRONOSTICO
1124,SIN PRONOSTICO
1125,SIN PRONOSTICO
1126,SIN PRONOSTICO
1127,SIN PRONOSTICO
1128,SIN PRONOSTICO
1129,SIN PRONOSTICO
1130,SIN PRONOSTICO
1131,SIN PRONOSTICO
1132,SIN PRONOSTICO
1133,SIN PRONOSTICO
1134,SIN PRONOSTICO
1135,SIN PRONOSTICO
1136,SIN PRONOSTICO
1137,SIN PRONOSTICO
1138,SIN PRONOSTICO
1139,SIN PRONOSTICO
1140,SIN PRONOSTICO
1141,SIN PRONOSTICO
1142,SIN PRONOSTICO
1143,SIN PRONOSTICO
1144,SIN PRONOSTICO
1145,SIN PRONOSTICO
1146,SIN PRONOSTICO
1147,SIN PRONOSTICO
1148,LLUVIA
1149,LLUVIA
1150,LLUVIA
1151,LLUVIA
1152,LLUVIA
1153,LLUVIA
1154,LLUVIA
1155,LLUVIA
1156,LLUVIA
1157,LLUVIA
1158,LLUVIA
1159,LLUVIA
1160,LLUVIA
1161,LLUVIA
1162,LLUVIA
1163,LLUVIA
1164,LLUVIA
1165,LLUVIA
1166,LLUVIA
1167,LLUVIA
1168,LLUVIA
1169,LLUVIA
1170,SEQUIA
1171,LLUVIA
1172,LLUVIA
1173,LLUVIA
1174,LLUVIA
1175,LLUVIA
1176,LLUVIA
1177,LLUVIA
1178,LLUVIA
1179,LLUVIA
1180,LLUVIA
1181,LLUVIA
1182,LLUVIA INTESA
1183,LLUVIA
1184,LLUVIA
1185,LLUVIA
1186,LLUVIA
1187,LLUVIA
1188,LLUVIA
1189,LLUVIA
1190,LLUVIA
1191,LLUVIA
1192,LLUVIA
1193,SIN PRONOSTICO
1194,SIN PRONOSTICO
1195,SIN PRONOSTICO
1196,SIN PRONOSTICO
1197,SIN PRONOSTICO
1198,SIN PRONOSTICO
1199,SIN PRONOSTICO
1200,SIN PRONOSTICO
1201,SIN PRONOSTICO
1202,SIN PRONOSTICO
1203,SIN PRONOSTICO
1204,SIN PRONOSTICO
1205,SIN PRONOSTICO
1206,SIN PRONOSTICO
1207,SIN PRONOSTICO
1208,SIN PRONOSTICO
1209,SIN PRONOSTICO
1210,SIN PRONOSTICO
1211,SIN PRONOSTICO
1212,SIN PRONOSTICO
1213,SIN PRONOSTICO
1214,SIN PRONOSTICO
1215,SIN PRONOSTICO
1216,SIN PRONOSTICO
1217,SIN PRONOSTICO
1218,SIN PRONOSTICO
1219,SIN PRONOSTICO
1220,SIN PRONOSTICO
1221,SIN PRONOSTICO
1222,SIN PRONOSTICO
1223,SIN PRONOSTICO
1224,SIN PRONOSTICO
1225,SIN PRONOSTICO
1226,SIN PRONOSTICO
1227,SIN PRONOSTICO
1228,SIN PRONOSTICO
1229,SIN PRONOSTICO
1230,SIN PRONOSTICO
1231,LLUVIA
1232,LLUVIA
1233,LLUVIA
1234,LLUVIA
1235,LLUVIA
1236,LLUVIA
1237,LLUVIA
1238,SIN PRONOSTICO
1239,SIN PRONOSTICO
1240,SIN PRONOSTICO
1241,SIN PRONOSTICO
1242,SIN PRONOSTICO
1243,SIN PRONOSTICO
1244,SIN PRONOSTICO
1245,SIN PRONOSTICO
1246,SIN PRONOSTICO
1247,SIN PRONOSTICO
1248,SIN PRONOSTICO
1249,SIN PRONOSTICO
1250,SIN PRONOSTICO
1251,SIN PRONOSTICO
1252,SIN PRONOSTICO
1253,SIN PRONOSTICO
1254,SIN PRONOSTICO
1255,SIN PRONOSTICO
1256,SIN PRONOSTICO
1257,SIN PRONOSTICO
1258,SIN PRONOSTICO
1259,SIN PRONOSTICO
1260,SEQUIA
1261,SIN PRONOSTICO
1262,SIN PRONOSTICO
1263,SIN PRONOSTICO
1264,SIN PRONOSTICO
1265,SIN PRONOSTICO
1266,SIN PRONOSTICO
1267,SIN PRONOSTICO
1268,SIN PRONOSTICO
1269,SIN PRONOSTICO
1270,SIN PRONOSTICO
1271,SIN PRONOSTICO
1272,SIN PRONOSTICO
1273,SIN PRONOSTICO
1274,SIN PRONOSTICO
1275,SIN PRONOSTICO
1276,SIN PRONOSTICO
1277,SIN PRONOSTICO
1278,SIN PRONOSTICO
1279,SIN PRONOSTICO
1280,SIN PRONOSTICO
1281,SIN PRONOSTICO
1282,SIN PRONOSTICO
1283,LLUVIA
1284,LLUVIA
1285,LLUVIA
1286,LLUVIA
1287,LLUVIA
1288,LLUVIA
1289,LLUVIA
1290,LLUVIA
1291,SIN PRONOSTICO
1292,SIN PRONOSTICO
1293,SIN PRONOSTICO
1294,SIN PRONOSTICO
1295,SIN PRONOSTICO
1296,SIN PRONOSTICO
1297,SIN PRONOSTICO
1298,SIN PRONOSTICO
1299,SIN PRONOSTICO
1300,SIN PRONOSTICO
1301,SIN PRONOSTICO
1302,SIN PRONOSTICO
1303,SIN PRONOSTICO
1304,SIN PRONOSTICO
1305,SIN PRONOSTICO
1306,SIN PRONOSTICO
1307,SIN PRONOSTICO
1308,SIN PRONOSTICO
1309,SIN PRONOSTICO
1310,SIN PRONOSTICO
1311,SIN PRONOSTICO
1312,SIN PRONOSTICO
1313,SIN PRONOSTICO
1314,SIN PRONOSTICO
1315,SIN PRONOSTICO
1316,SIN PRONOSTICO
1317,SIN PRONOSTICO
1318,SIN PRONOSTICO
1319,SIN PRONOSTICO
1320,SIN PRONOSTICO
1321,SIN PRONOSTICO
1322,SIN PRONOSTICO
1323,SIN PRONOSTICO
1324,SIN PRONOSTICO
1325,SIN PRONOSTICO
1326,SIN PRONOSTICO
1327,SIN PRONOSTICO
1328,LLUVIA
1329,LLUVIA
1330,LLUVIA
1331,LLUVIA
1332,LLUVIA
1333,LLUVIA
1334,LLUVIA
1335,LLUVIA
1336,LLUVIA
1337,LLUVIA
1338,LLUVIA INTESA
1339,LLUVIA
1340,LLUVIA
1341,LLUVIA
1342,LLUVIA
1343,LLUVIA
1344,LLUVIA
1345,LLUVIA
1346,LLUVIA
1347,LLUVIA
1348,LLUVIA
1349,LLUVIA
1350,SEQUIA
1351,LLUVIA
1352,LLUVIA
1353,LLUVIA
1354,LLUVIA
1355,LLUVIA
1356,LLUVIA
1357,LLUVIA
1358,LLUVIA
1359,LLUVIA
1360,LLUVIA
1361,LLUVIA
1362,LLUVIA INTESA
1363,LLUVIA
1364,LLUVIA
1365,LLUVIA
1366,LLUVIA
1367,LLUVIA
1368,LLUVIA
1369,LLUVIA
1370,LLUVIA
1371,LLUVIA
1372,LLUVIA
1373,SIN PRONOSTICO
1374,SIN PRONOSTICO
1375,SIN PRONOSTICO
1376,SIN PRONOSTICO
1377,SIN PRONOSTICO
1378,SIN PRONOSTICO
1379,SIN PRONOSTICO
1380,SIN PRONOSTICO
1381,SIN PRONOSTICO
1382,SIN PRONOSTICO
1383,SIN PRONOSTICO
1384,SIN PRONOSTICO
1385,SIN PRONOSTICO
1386,SIN PRONOSTICO
1387,SIN PRONOSTICO
1388,SIN PRONOSTICO
1389,SIN PRONOSTICO
1390,SIN PRONOSTICO
1391,SIN PRONOSTICO
1392,SIN PRONOSTICO
1393,SIN PRONOSTICO
1394,SIN PRONOSTICO
1395,SIN PRONOSTICO
1396,SIN PRONOSTICO
1397,SIN PRONOSTICO
1398,SIN PRONOSTICO
1399,SIN PRONOSTICO
1400,SIN PRONOSTICO
1401,SIN PRONOSTICO
1402,SIN PRONOSTICO
1403,SIN PRONOSTICO
1404,SIN PRONOSTICO
1405,SIN PRONOSTICO
1406,SIN PRONOSTICO
1407,SIN PRONOSTICO
1408,SIN PRONOSTICO
1409,SIN PRONOSTICO
1410,SIN PRONOSTICO
1411,LLUVIA
1412,LLUVIA
1413,LLUVIA
1414,LLUVIA
1415,LLUVIA
1416,LLUVIA
1417,LLUVIA
1418,SIN PRONOSTICO
1419,SIN PRONOSTICO
1420,SIN PRONOSTICO
1421,SIN PRONOSTICO
1422,SIN PRONOSTICO
1423,SIN PRONOSTICO
1424,SIN PRONOSTICO
1425,SIN PRONOSTICO
1426,SIN PRONOSTICO
1427,SIN PRONOSTICO
1428,SIN PRONOSTICO
1429,SIN PRONOSTICO
1430,SIN PRONOSTICO
1431,SIN PRONOSTICO
1432,SIN PRONOSTICO
1433,SIN PRONOSTICO
1434,SIN PRONOSTICO
1435,SIN PRONOSTICO
1436,SIN PRONOSTICO
1437,SIN PRONOSTICO
1438,SIN PRONOSTICO
1439,SIN PRONOSTICO
1440,SEQUIA
1441,SIN PRONOSTICO
1442,SIN PRONOSTICO
1443,SIN PRONOSTICO
1444,SIN PRONOSTICO
1445,SIN PRONOSTICO
1446,SIN PRONOSTICO
1447,SIN PRONOSTICO
1448,SIN PRONOSTICO
1449,SIN PRONOSTICO
1450,SIN PRONOSTICO
1451,SIN PRONOSTICO
1452,SIN PRONOSTICO
1453,SIN PRONOSTICO
1454,SIN PRONOSTICO
1455,SIN PRONOSTICO
1456,SIN PRONOSTICO
1457,SIN PRONOSTICO
1458,SIN PRONOSTICO
1459,SIN PRONOSTICO
1460,SIN PRONOSTICO
1461,SIN PRONOSTICO
1462,SIN PRONOSTICO
1463,LLUVIA
1464,LLUVIA
1465,LLUVIA
1466,LLUVIA
1467,LLUVIA
1468,LLUVIA
1469,LLUVIA
1470,LLUVIA
1471,SIN PRONOSTICO
1472,SIN PRONOSTICO
1473,SIN PRONOSTICO
1474,SIN PRONOSTICO
1475,SIN PRONOSTICO
1476,SIN PRONOSTICO
1477,SIN PRONOSTICO
1478,SIN PRONOSTICO
1479,SIN PRONOSTICO
1480,SIN PRONOSTICO
1481,SIN PRONOSTICO
1482,SIN PRONOSTICO
1483,SIN PRONOSTICO
1484,SIN PRONOSTICO
1485,SIN PRONOSTICO
1486,SIN PRONOSTICO
1487,SIN PRONOSTICO
1488,SIN PRONOSTICO
1489,SIN PRONOSTICO
1490,SIN PRONOSTICO
1491,SIN PRONOSTICO
1492,SIN PRONOSTICO
1493,SIN PRONOSTICO
1494,SIN PRONOSTICO
1495,SIN PRONOSTICO
1496,SIN PRONOSTICO
1497,SIN PRONOSTICO
1498,SIN PRONOSTICO
1499,SIN PRONOSTICO
1500,SIN PRONOSTICO
1501,SIN PRONOSTICO
1502,SIN PRONOSTICO
1503,SIN PRONOSTICO
1504,SIN PRONOSTICO
1505,SIN PRONOSTICO
1506,SIN PRONOSTICO
1507,SIN PRONOSTICO
1508,LLUVIA
1509,LLUVIA
1510,LLUVIA
1511,LLUVIA
1512,LLUVIA
1513,LLUVIA
1514,LLUVIA
1515,LLUVIA
1516,LLUVIA
1517,LLUVIA
1518,LLUVIA
1519,LLUVIA
1520,LLUVIA
1521,LLUVIA
1522,LLUVIA
1523,LLUVIA
1524,LLUVIA
1525,LLUVIA
1526,LLUVIA
1527,LLUVIA
1528,LLUVIA
1529,LLUVIA
1530,SEQUIA
1531,LLUVIA
1532,LLUVIA
1533,LLUVIA
1534,LLUVIA
1535,LLUVIA
1536,LLUVIA
1537,LLUVIA
1538,LLUVIA
1539,LLUVIA
1540,LLUVIA
1541,LLUVIA
1542,LLUVIA
1543,LLUVIA
1544,LLUVIA
1545,LLUVIA
1546,LLUVIA
1547,LLUVIA
1548,LLUVIA
1549,LLUVIA
1550,LLUVIA
1551,LLUVIA
1552,LLUVIA
1553,SIN PRONOSTICO
1554,SIN PRONOSTICO
1555,SIN PRONOSTICO
1556,SIN PRONOSTICO
1557,SIN PRONOSTICO
1558,SIN PRONOSTICO
1559,SIN PRONOSTICO
1560,SIN PRONOSTICO
1561,SIN PRONOSTICO
1562,SIN PRONOSTICO
1563,SIN PRONOSTICO
1564,SIN PRONOSTICO
1565,SIN PRONOSTICO
1566,SIN PRONOSTICO
1567,SIN PRONOSTICO
1568,SIN PRONOSTICO
1569,SIN PRONOSTICO
1570,SIN PRONOSTICO
1571,SIN PRONOSTICO
1572,SIN PRONOSTICO
1573,SIN PRONOSTICO
1574,SIN PRONOSTICO
1575,SIN PRONOSTICO
1576,SIN PRONOSTICO
1577,SIN PRONOSTICO
1578,SIN PRONOSTICO
1579,SIN PRONOSTICO
1580,SIN PRONOSTICO
1581,SIN PRONOSTICO
1582,SIN PRONOSTICO
1583,SIN PRONOSTICO
1584,SIN PRONOSTICO
1585,SIN PRONOSTICO
1586,SIN PRONOSTICO
1587,SIN PRONOSTICO
1588,SIN PRONOSTICO
1589,SIN PRONOSTICO
1590,SIN PRONOSTICO
1591,LLUVIA
1592,LLUVIA
1593,LLUVIA
1594,LLUVIA
1595,LLUVIA
1596,LLUVIA
1597,LLUVIA
1598,SIN PRONOSTICO
1599,SIN PRONOSTICO
1600,SIN PRONOSTICO
1601,SIN PRONOSTICO
1602,SIN PRONOSTICO
1603,SIN PRONOSTICO
1604,SIN PRONOSTICO
1605,SIN PRONOSTICO
1606,SIN PRONOSTICO
1607,SIN PRONOSTICO
1608,SIN PRONOSTICO
1609,SIN PRONOSTICO
1610,SIN PRONOSTICO
1611,SIN PRONOSTICO
1612,SIN PRONOSTICO
1613,SIN PRONOSTICO
1614,SIN PRONOSTICO
1615,SIN PRONOSTICO
1616,SIN PRONOSTICO
1617,SIN PRONOSTICO
1618,SIN PRONOSTICO
1619,SIN PRONOSTICO
1620,SEQUIA
1621,SIN PRONOSTICO
1622,SIN PRONOSTICO
1623,SIN PRONOSTICO
1624,SIN PRONOSTICO
1625,SIN PRONOSTICO
1626,SIN PRONOSTICO
1627,SIN PRONOSTICO
1628,SIN PRONOSTICO
1629,SIN PRONOSTICO
1630,SIN PRONOSTICO
1631,SIN PRONOSTICO
1632,SIN PRONOSTICO
1633,SIN PRONOSTICO
1634,SIN PRONOSTICO
1635,SIN PRONOSTICO
1636,SIN PRONOSTICO
1637,SIN PRONOSTICO
1638,SIN PRONOSTICO
1639,SIN PRONOSTICO
1640,SIN PRONOSTICO
1641,SIN PRONOSTICO
1642,SIN PRONOSTICO
1643,LLUVIA
1644,LLUVIA
1645,LLUVIA
1646,LLUVIA
1647,LLUVIA
1648,LLUVIA
1649,LLUVIA
1650,LLUVIA
1651,SIN PRONOSTICO
1652,SIN PRONOSTICO
1653,SIN PRONOSTICO
1654,SIN PRONOSTICO
1655,SIN PRONOSTICO
1656,SIN PRONOSTICO
1657,SIN PRONOSTICO
1658,SIN PRONOSTICO
1659,SIN PRONOSTICO
1660,SIN PRONOSTICO
1661,SIN PRONOSTICO
1662,SIN PRONOSTICO
1663,SIN PRONOSTICO
1664,SIN PRONOSTICO
1665,SIN PRONOSTICO
1666,SIN PRONOSTICO
1667,SIN PRONOSTICO
1668,SIN PRONOSTICO
1669,SIN PRONOSTICO
1670,SIN PRONOSTICO
1671,SIN PRONOSTICO
1672,SIN PRONOSTICO
1673,SIN PRONOSTICO
1674,SIN PRONOSTICO
1675,SIN PRONOSTICO
1676,SIN PRONOSTICO
1677,SIN PRONOSTICO
1678,SIN PRONOSTICO
1679,SIN PRONOSTICO
1680,SIN PRONOSTICO
1681,SIN PRONOSTICO
1682,SIN PRONOSTICO
1683,SIN PRONOSTICO
1684,SIN PRONOSTICO
1685,SIN PRONOSTICO
1686,SIN PRONOSTICO
1687,SIN PRONOSTICO
1688,LLUVIA
1689,LLUVIA
1690,LLUVIA
1691,LLUVIA
1692,LLUVIA
1693,LLUVIA
1694,LLUVIA
1695,LLUVIA
1696,LLUVIA
1697,LLUVIA
1698,LLUVIA
1699,LLUVIA
1700,LLUVIA
1701,LLUVIA
1702,LLUVIA
1703,LLUVIA
1704,LLUVIA
1705,LLUVIA
1706,LLUVIA
1707,LLUVIA
1708,LLUVIA
1709,LLUVIA
1710,SEQUIA
1711,LLUVIA
1712,LLUVIA
1713,LLUVIA
1714,LLUVIA
1715,LLUVIA
1716,LLUVIA
1717,LLUVIA
1718,LLUVIA
1719,LLUVIA
1720,LLUVIA
1721,LLUVIA
1722,LLUVIA INTESA
1723,LLUVIA
1724,LLUVIA
1725,LLUVIA
1726,LLUVIA
1727,LLUVIA
1728,LLUVIA
1729,LLUVIA
1730,LLUVIA
1731,LLUVIA
1732,LLUVIA
1733,SIN PRONOSTICO
1734,SIN PRONOSTICO
1735,SIN PRONOSTICO
1736,SIN PRONOSTICO
1737,SIN PRONOSTICO
1738,SIN PRONOSTICO
1739,SIN PRONOSTICO
1740,SIN PRONOSTICO
1741,SIN PRONOSTICO
1742,SIN PRONOSTICO
1743,SIN PRONOSTICO
1744,SIN PRONOSTICO
1745,SIN PRONOSTICO
1746,SIN PRONOSTICO
1747,SIN PRONOSTICO
1748,SIN PRONOSTICO
1749,SIN PRONOSTICO
1750,SIN PRONOSTICO
1751,SIN PRONOSTICO
1752,SIN PRONOSTICO
1753,SIN PRONOSTICO
1754,SIN PRONOSTICO
1755,SIN PRONOSTICO
1756,SIN PRONOSTICO
1757,SIN PRONOSTICO
1758,SIN PRONOSTICO
1759,SIN PRONOSTICO
1760,SIN PRONOSTICO
1761,SIN PRONOSTICO
1762,SIN PRONOSTICO
1763,SIN PRONOSTICO
1764,SIN PRONOSTICO
1765,SIN PRONOSTICO
1766,SIN PRONOSTICO
1767,SIN PRONOSTICO
1768,SIN PRONOSTICO
1769,SIN PRONOSTICO
1770,LLUVIA
1771,LLUVIA
1772,LLUVIA
1773,LLUVIA
1774,LLUVIA
1775,LLUVIA
1776,LLUVIA
1777,LLUVIA
1778,SIN PRONOSTICO
1779,SIN PRONOSTICO
1780,SIN PRONOSTICO
1781,SIN PRONOSTICO
1782,SIN PRONOSTICO
1783,SIN PRONOSTICO
1784,SIN PRONOSTICO
1785,SIN PRONOSTICO
1786,SIN PRONOSTICO
1787,SIN PRONOSTICO
1788,SIN PRONOSTICO
1789,SIN PRONOSTICO
1790,SIN PRONOSTICO
1791,SIN PRONOSTICO
1792,SIN PRONOSTICO
1793,SIN PRONOSTICO
1794,SIN PRONOSTICO
1795,SIN PRONOSTICO
1796,SIN PRONOSTICO
1797,SIN PRONOSTICO
1798,SIN PRONOSTICO
1799,SIN PRONOSTICO
1800,SEQUIA
1801,SIN PRONOSTICO
1802,SIN PRONOSTICO
1803,SIN PRONOSTICO
1804,SIN PRONOSTICO
1805,SIN PRONOSTICO
1806,SIN PRONOSTICO
1807,SIN PRONOSTICO
1808,SIN PRONOSTICO
1809,SIN PRONOSTICO
1810,SIN PRONOSTICO
1811,SIN PRONOSTICO
1812,SIN PRONOSTICO
1813,SIN PRONOSTICO
1814,SIN PRONOSTICO
1815,SIN PRONOSTICO
1816,SIN PRONOSTICO
1817,SIN PRONOSTICO
1818,SIN PRONOSTICO
1819,SIN PRONOSTICO
1820,SIN PRONOSTICO
1821,SIN PRONOSTICO
1822,SIN PRONOSTICO
1823,LLUVIA
1824,LLUVIA
1825,LLUVIA
1826,LLUVIA
1827,LLUVIA
1828,LLUVIA
1829,LLUVIA
1830,LLUVIA
1831,SIN PRONOSTICO
1832,SIN PRONOSTICO
1833,SIN PRONOSTICO
1834,SIN PRONOSTICO
1835,SIN PRONOSTICO
1836,SIN PRONOSTICO
1837,SIN PRONOSTICO
1838,SIN PRONOSTICO
1839,SIN PRONOSTICO
1840,SIN PRONOSTICO
1841,SIN PRONOSTICO
1842,SIN PRONOSTICO
1843,SIN PRONOSTICO
1844,SIN PRONOSTICO
1845,SIN PRONOSTICO
1846,SIN PRONOSTICO
1847,SIN PRONOSTICO
1848,SIN PRONOSTICO
1849,SIN PRONOSTICO
1850,SIN PRONOSTICO
1851,SIN PRONOSTICO
1852,SIN PRONOSTICO
1853,SIN PRONOSTICO
1854,SIN PRONOSTICO
1855,SIN PRONOSTICO
1856,SIN PRONOSTICO
1857,SIN PRONOSTICO
1858,SIN PRONOSTICO
1859,SIN PRONOSTICO
1860,SIN PRONOSTICO
1861,SIN PRONOSTICO
1862,SIN PRONOSTICO
1863,SIN PRONOSTICO
1864,SIN PRONOSTICO
1865,SIN PRONOSTICO
1866,SIN PRONOSTICO
1867,SIN PRONOSTICO
1868,LLUVIA
1869,LLUVIA
1870,LLUVIA
1871,LLUVIA
1872,LLUVIA
1873,LLUVIA
1874,LLUVIA
1875,LLUVIA
1876,LLUVIA
1877,LLUVIA
1878,LLUVIA
1879,LLUVIA
1880,LLUVIA
1881,LLUVIA
1882,LLUVIA
1883,LLUVIA
1884,LLUVIA
1885,LLUVIA
1886,LLUVIA
1887,LLUVIA
1888,LLUVIA
1889,LLUVIA
1890,SEQUIA
1891,LLUVIA
1892,LLUVIA
1893,LLUVIA
1894,LLUVIA
1895,LLUVIA
1896,LLUVIA
1897,LLUVIA
1898,LLUVIA
1899,LLUVIA
1900,LLUVIA
1901,LLUVIA
1902,LLUVIA
1903,LLUVIA
1904,LLUVIA
1905,LLUVIA
1906,LLUVIA
1907,LLUVIA
1908,LLUVIA
1909,LLUVIA
1910,LLUVIA
1911,LLUVIA
1912,LLUVIA
1913,SIN PRONOSTICO
1914,SIN PRONOSTICO
1915,SIN PRONOSTICO
1916,SIN PRONOSTICO
1917,SIN PRONOSTICO
1918,SIN PRONOSTICO
1919,SIN PRONOSTICO
1920,SIN PRONOSTICO
1921,SIN PRONOSTICO
1922,SIN PRONOSTICO
1923,SIN PRONOSTICO
1924,SIN PRONOSTICO
1925,SIN PRONOSTICO
1926,SIN PRONOSTICO
1927,SIN PRONOSTICO
1928,SIN PRONOSTICO
1929,SIN PRONOSTICO
1930,SIN PRONOSTICO
1931,SIN PRONOSTICO
1932,SIN PRONOSTICO
1933,SIN PRONOSTICO
1934,SIN PRONOSTICO
1935,SIN PRONOSTICO
1936,SIN PRONOSTICO
1937,SIN PRONOSTICO
1938,SIN PRONOSTICO
1939,SIN PRONOSTICO
1940,SIN PRONOSTICO
1941,SIN PRONOSTICO
1942,SIN PRONOSTICO
1943,SIN PRONOSTICO
1944,SIN PRONOSTICO
1945,SIN PRONOSTICO
1946,SIN PRONOSTICO
1947,SIN PRONOSTICO
1948,SIN PRONOSTICO
1949,SIN PRONOSTICO
1950,LLUVIA
1951,LLUVIA
1952,LLUVIA
1953,LLUVIA
1954,LLUVIA
1955,LLUVIA
1956,LLUVIA
1957,LLUVIA
1958,SIN PRONOSTICO
1959,SIN PRONOSTICO
1960,SIN PRONOSTICO
1961,SIN PRONOSTICO
1962,SIN PRONOSTICO
1963,SIN PRONOSTICO
1964,SIN PRONOSTICO
1965,SIN PRONOSTICO
1966,SIN PRONOSTICO
1967,SIN PRONOSTICO
1968,SIN PRONOSTICO
1969,SIN PRONOSTICO
1970,SIN PRONOSTICO
1971,SIN PRONOSTICO
1972,SIN PRONOSTICO
1973,SIN PRONOSTICO
1974,SIN PRONOSTICO
1975,SIN PRONOSTICO
1976,SIN PRONOSTICO
1977,SIN PRONOSTICO
1978,SIN PRONOSTICO
1979,SIN PRONOSTICO
1980,SEQUIA
1981,SIN PRONOSTICO
1982,SIN PRONOSTICO
1983,SIN PRONOSTICO
1984,SIN PRONOSTICO
1985,SIN PRONOSTICO
1986,SIN PRONOSTICO
1987,SIN PRONOSTICO
1988,SIN PRONOSTICO
1989,SIN PRONOSTICO
1990,SIN PRONOSTICO
1991,SIN PRONOSTICO
1992,SIN PRONOSTICO
1993,SIN PRONOSTICO
1994,SIN PRONOSTICO
1995,SIN PRONOSTICO
1996,SIN PRONOSTICO
1997,SIN PRONOSTICO
1998,SIN PRONOSTICO
1999,SIN PRONOSTICO
2000,SIN PRONOSTICO
2001,SIN PRONOSTICO
2002,SIN PRONOSTICO
2003,LLUVIA
2004,LLUVIA
2005,LLUVIA
2006,LLUVIA
2007,LLUVIA
2008,LLUVIA
2009,LLUVIA
2010,LLUVIA
2011,SIN PRONOSTICO
2012,SIN PRONOSTICO
2013,SIN PRONOSTICO
2014,SIN PRONOSTICO
2015,SIN PRONOSTICO
2016,SIN PRONOSTICO
2017,SIN PRONOSTICO
2018,SIN PRONOSTICO
2019,SIN PRONOSTICO
2020,SIN PRONOSTICO
2021,SIN PRONOSTICO
2022,SIN PRONOSTICO
2023,SIN PRONOSTICO
2024,SIN PRONOSTICO
2025,SIN PRONOSTICO
2026,SIN PRONOSTICO
2027,SIN PRONOSTICO
2028,SIN PRONOSTICO
2029,SIN PRONOSTICO
2030,SIN PRONOSTICO
2031,SIN PRONOSTICO
2032,SIN PRONOSTICO
2033,SIN PRONOSTICO
2034,SIN PRONOSTICO
2035,SIN PRONOSTICO
2036,SIN PRONOSTICO
2037,SIN PRONOSTICO
2038,SIN PRONOSTICO
2039,SIN PRONOSTICO
2040,SIN PRONOSTICO
2041,SIN PRONOSTICO
2042,SIN PRONOSTICO
2043,SIN PRONOSTICO
2044,SIN PRONOSTICO
2045,SIN PRONOSTICO
2046,SIN PRONOSTICO
2047,SIN PRONOSTICO
2048,LLUVIA
2049,LLUVIA
2050,LLUVIA
2051,LLUVIA
2052,LLUVIA
2053,LLUVIA
2054,LLUVIA
2055,LLUVIA
2056,LLUVIA
2057,LLUVIA
2058,LLUVIA INTESA
2059,LLUVIA
2060,LLUVIA
2061,LLUVIA
2062,LLUVIA
2063,LLUVIA
2064,LLUVIA
2065,LLUVIA
2066,LLUVIA
2067,LLUVIA
2068,LLUVIA
2069,LLUVIA
2070,SEQUIA
2071,LLUVIA
2072,LLUVIA
2073,LLUVIA
2074,LLUVIA
2075,LLUVIA
2076,LLUVIA
2077,LLUVIA
2078,LLUVIA
2079,LLUVIA
2080,LLUVIA
2081,LLUVIA
2082,LLUVIA INTESA
2083,LLUVIA
2084,LLUVIA
2085,LLUVIA
2086,LLUVIA
2087,LLUVIA
2088,LLUVIA
2089,LLUVIA
2090,LLUVIA
2091,LLUVIA
2092,LLUVIA
2093,SIN PRONOSTICO
2094,SIN PRONOSTICO
2095,SIN PRONOSTICO
2096,SIN PRONOSTICO
2097,SIN PRONOSTICO
2098,SIN PRONOSTICO
2099,SIN PRONOSTICO
2100,SIN PRONOSTICO
2101,SIN PRONOSTICO
2102,SIN PRONOSTICO
2103,SIN PRONOSTICO
2104,SIN PRONOSTICO
2105,SIN PRONOSTICO
2106,SIN PRONOSTICO
2107,SIN PRONOSTICO
2108,SIN PRONOSTICO
2109,SIN PRONOSTICO
2110,SIN PRONOSTICO
2111,SIN PRONOSTICO
2112,SIN PRONOSTICO
2113,SIN PRONOSTICO
2114,SIN PRONOSTICO
2115,SIN PRONOSTICO
2116,SIN PRONOSTICO
2117,SIN PRONOSTICO
2118,SIN PRONOSTICO
2119,SIN PRONOSTICO
2120,SIN PRONOSTICO
2121,SIN PRONOSTICO
2122,SIN PRONOSTICO
2123,SIN PRONOSTICO
2124,SIN PRONOSTICO
2125,SIN PRONOSTICO
2126,SIN PRONOSTICO
2127,SIN PRONOSTICO
2128,SIN PRONOSTICO
2129,SIN PRONOSTICO
2130,LLUVIA
2131,LLUVIA
2132,LLUVIA
2133,LLUVIA
2134,LLUVIA
2135,LLUVIA
2136,LLUVIA
2137,LLUVIA
2138,SIN PRONOSTICO
2139,SIN PRONOSTICO
2140,SIN PRONOSTICO
2141,SIN PRONOSTICO
2142,SIN PRONOSTICO
2143,SIN PRONOSTICO
2144,SIN PRONOSTICO
2145,SIN PRONOSTICO
2146,SIN PRONOSTICO
2147,SIN PRONOSTICO
2148,SIN PRONOSTICO
2149,SIN PRONOSTICO
2150,SIN PRONOSTICO
2151,SIN PRONOSTICO
2152,SIN PRONOSTICO
2153,SIN PRONOSTICO
2154,SIN PRONOSTICO
2155,SIN PRONOSTICO
2156,SIN PRONOSTICO
2157,SIN PRONOSTICO
2158,SIN PRONOSTICO
2159,SIN PRONOSTICO
2160,SEQUIA
2161,SIN PRONOSTICO
2162,SIN PRONOSTICO
2163,SIN PRONOSTICO
2164,SIN PRONOSTICO
2165,SIN PRONOSTICO
2166,SIN PRONOSTICO
2167,SIN PRONOSTICO
2168,SIN PRONOSTICO
2169,SIN PRONOSTICO
2170,SIN PRONOSTICO
2171,SIN PRONOSTICO
2172,SIN PRONOSTICO
2173,SIN PRONOSTICO
2174,SIN PRONOSTICO
2175,SIN PRONOSTICO
2176,SIN PRONOSTICO
2177,SIN PRONOSTICO
2178,SIN PRONOSTICO
2179,SIN PRONOSTICO
2180,SIN PRONOSTICO
2181,SIN PRONOSTICO
2182,SIN PRONOSTICO
2183,LLUVIA
2184,LLUVIA
2185,LLUVIA
2186,LLUVIA
2187,LLUVIA
2188,LLUVIA
2189,LLUVIA
2190,SIN PRONOSTICO
2191,SIN PRONOSTICO
2192,SIN PRONOSTICO
2193,SIN PRONOSTICO
2194,SIN PRONOSTICO
2195,SIN PRONOSTICO
2196,SIN PRONOSTICO
2197,SIN PRONOSTICO
2198,SIN PRONOSTICO
2199,SIN PRONOSTICO
2200,SIN PRONOSTICO
2201,SIN PRONOSTICO
2202,SIN PRONOSTICO
2203,SIN PRONOSTICO
2204,SIN PRONOSTICO
2205,SIN PRONOSTICO
2206,SIN PRONOSTICO
2207,SIN PRONOSTICO
2208,SIN PRONOSTICO
2209,SIN PRONOSTICO
2210,SIN PRONOSTICO
2211,SIN PRONOSTICO
2212,SIN PRONOSTICO
2213,SIN PRONOSTICO
2214,SIN PRONOSTICO
2215,SIN PRONOSTICO
2216,SIN PRONOSTICO
2217,SIN PRONOSTICO
2218,SIN PRONOSTICO
2219,SIN PRONOSTICO
2220,SIN PRONOSTICO
2221,SIN PRONOSTICO
2222,SIN PRONOSTICO
2223,SIN PRONOSTICO
2224,SIN PRONOSTICO
2225,SIN PRONOSTICO
2226,SIN PRONOSTICO
2227,SIN PRONOSTICO
2228,LLUVIA
2229,LLUVIA
2230,LLUVIA
2231,LLUVIA
2232,LLUVIA
2233,LLUVIA
2234,LLUVIA
2235,LLUVIA
2236,LLUVIA
2237,LLUVIA
2238,LLUVIA INTESA
2239,LLUVIA
2240,LLUVIA
2241,LLUVIA
2242,LLUVIA
2243,LLUVIA
2244,LLUVIA
2245,LLUVIA
2246,LLUVIA
2247,LLUVIA
2248,LLUVIA
2249,LLUVIA
2250,SEQUIA
2251,LLUVIA
2252,LLUVIA
2253,LLUVIA
2254,LLUVIA
2255,LLUVIA
2256,LLUVIA
2257,LLUVIA
2258,LLUVIA
2259,LLUVIA
2260,LLUVIA
2261,LLUVIA
2262,LLUVIA
2263,LLUVIA
2264,LLUVIA
2265,LLUVIA
2266,LLUVIA
2267,LLUVIA
2268,LLUVIA
2269,LLUVIA
2270,LLUVIA
2271,LLUVIA
2272,LLUVIA
2273,SIN PRONOSTICO
2274,SIN PRONOSTICO
2275,SIN PRONOSTICO
2276,SIN PRONOSTICO
2277,SIN PRONOSTICO
2278,SIN PRONOSTICO
2279,SIN PRONOSTICO
2280,SIN PRONOSTICO
2281,SIN PRONOSTICO
2282,SIN PRONOSTICO
2283,SIN PRONOSTICO
2284,SIN PRONOSTICO
2285,SIN PRONOSTICO
2286,SIN PRONOSTICO
2287,SIN PRONOSTICO
2288,SIN PRONOSTICO
2289,SIN PRONOSTICO
2290,SIN PRONOSTICO
2291,SIN PRONOSTICO
2292,SIN PRONOSTICO
2293,SIN PRONOSTICO
2294,SIN PRONOSTICO
2295,SIN PRONOSTICO
2296,SIN PRONOSTICO
2297,SIN PRONOSTICO
2298,SIN PRONOSTICO
2299,SIN PRONOSTICO
2300,SIN PRONOSTICO
2301,SIN PRONOSTICO
2302,SIN PRONOSTICO
2303,SIN PRONOSTICO
2304,SIN PRONOSTICO
2305,SIN PRONOSTICO
2306,SIN PRONOSTICO
2307,SIN PRONOSTICO
2308,SIN PRONOSTICO
2309,SIN PRONOSTICO
2310,LLUVIA
2311,LLUVIA
2312,LLUVIA
2313,LLUVIA
2314,LLUVIA
2315,LLUVIA
2316,LLUVIA
2317,LLUVIA
2318,SIN PRONOSTICO
2319,SIN PRONOSTICO
2320,SIN PRONOSTICO
2321,SIN PRONOSTICO
2322,SIN PRONOSTICO
2323,SIN PRONOSTICO
2324,SIN PRONOSTICO
2325,SIN PRONOSTICO
2326,SIN PRONOSTICO
2327,SIN PRONOSTICO
2328,SIN PRONOSTICO
2329,SIN PRONOSTICO
2330,SIN PRONOSTICO
2331,SIN PRONOSTICO
2332,SIN PRONOSTICO
2333,SIN PRONOSTICO
2334,SIN PRONOSTICO
2335,SIN PRONOSTICO
2336,SIN PRONOSTICO
2337,SIN PRONOSTICO
2338,SIN PRONOSTICO
2339,SIN PRONOSTICO
2340,SEQUIA
2341,SIN PRONOSTICO
2342,SIN PRONOSTICO
2343,SIN PRONOSTICO
2344,SIN PRONOSTICO
2345,SIN PRONOSTICO
2346,SIN PRONOSTICO
2347,SIN PRONOSTICO
2348,SIN PRONOSTICO
2349,SIN PRONOSTICO
2350,SIN PRONOSTICO
2351,SIN PRONOSTICO
2352,SIN PRONOSTICO
2353,SIN PRONOSTICO
2354,SIN PRONOSTICO
2355,SIN PRONOSTICO
2356,SIN PRONOSTICO
2357,SIN PRONOSTICO
2358,SIN PRONOSTICO
2359,SIN PRONOSTICO
2360,SIN PRONOSTICO
2361,SIN PRONOSTICO
2362,SIN PRONOSTICO
2363,LLUVIA
2364,LLUVIA
2365,LLUVIA
2366,LLUVIA
2367,LLUVIA
2368,LLUVIA
2369,LLUVIA
2370,LLUVIA
2371,SIN PRONOSTICO
2372,SIN PRONOSTICO
2373,SIN PRONOSTICO
2374,SIN PRONOSTICO
2375,SIN PRONOSTICO
2376,SIN PRONOSTICO
2377,SIN PRONOSTICO
2378,SIN PRONOSTICO
2379,SIN PRONOSTICO
2380,SIN PRONOSTICO
2381,SIN PRONOSTICO
2382,SIN PRONOSTICO
2383,SIN PRONOSTICO
2384,SIN PRONOSTICO
2385,SIN PRONOSTICO
2386,SIN PRONOSTICO
2387,SIN PRONOSTICO
2388,SIN PRONOSTICO
2389,SIN PRONOSTICO
2390,SIN PRONOSTICO
2391,SIN PRONOSTICO
2392,SIN PRONOSTICO
2393,SIN PRONOSTICO
2394,SIN PRONOSTICO
2395,SIN PRONOSTICO
2396,SIN PRONOSTICO
2397,SIN PRONOSTICO
2398,SIN PRONOSTICO
2399,SIN PRONOSTICO
2400,SIN PRONOSTICO
2401,SIN PRONOSTICO
2402,SIN PRONOSTICO
2403,SIN PRONOSTICO
2404,SIN PRONOSTICO
2405,SIN PRONOSTICO
2406,SIN PRONOSTICO
2407,SIN PRONOSTICO
2408,LLUVIA
2409,LLUVIA
2410,LLUVIA
2411,LLUVIA
2412,LLUVIA
2413,LLUVIA
2414,LLUVIA
2415,LLUVIA
2416,LLUVIA
2417,LLUVIA
2418,LLUVIA INTESA
2419,LLUVIA
2420,LLUVIA
2421,LLUVIA
2422,LLUVIA
2423,LLUVIA
2424,LLUVIA
2425,LLUVIA
2426,LLUVIA
2427,LLUVIA
2428,LLUVIA
2429,LLUVIA
2430,SEQUIA
2431,LLUVIA
2432,LLUVIA
2433,LLUVIA
2434,LLUVIA
2435,LLUVIA
2436,LLUVIA
2437,LLUVIA
2438,LLUVIA
2439,LLUVIA
2440,LLUVIA
2441,LLUVIA
2442,LLUVIA INTESA
2443,LLUVIA
2444,LLUVIA
2445,LLUVIA
2446,LLUVIA
2447,LLUVIA
2448,LLUVIA
2449,LLUVIA
2450,LLUVIA
2451,LLUVIA
2452,LLUVIA
2453,SIN PRONOSTICO
2454,SIN PRONOSTICO
2455,SIN PRONOSTICO
2456,SIN PRONOSTICO
2457,SIN PRONOSTICO
2458,SIN PRONOSTICO
2459,SIN PRONOSTICO
2460,SIN PRONOSTICO
2461,SIN PRONOSTICO
2462,SIN PRONOSTICO
2463,SIN PRONOSTICO
2464,SIN PRONOSTICO
2465,SIN PRONOSTICO
2466,SIN PRONOSTICO
2467,SIN PRONOSTICO
2468,SIN PRONOSTICO
2469,SIN PRONOSTICO
2470,SIN PRONOSTICO
2471,SIN PRONOSTICO
2472,SIN PRONOSTICO
2473,SIN PRONOSTICO
2474,SIN PRONOSTICO
2475,SIN PRONOSTICO
2476,SIN PRONOSTICO
2477,SIN PRONOSTICO
2478,SIN PRONOSTICO
2479,SIN PRONOSTICO
2480,SIN PRONOSTICO
2481,SIN PRONOSTICO
2482,SIN PRONOSTICO
2483,SIN PRONOSTICO
2484,SIN PRONOSTICO
2485,SIN PRONOSTICO
2486,SIN PRONOSTICO
2487,SIN PRONOSTICO
2488,SIN PRONOSTICO
2489,SIN PRONOSTICO
2490,LLUVIA
2491,LLUVIA
2492,LLUVIA
2493,LLUVIA
2494,LLUVIA
2495,LLUVIA
2496,LLUVIA
2497,LLUVIA
2498,SIN PRONOSTICO
2499,SIN PRONOSTICO
2500,SIN PRONOSTICO
2501,SIN PRONOSTICO
2502,SIN PRONOSTICO
2503,SIN PRONOSTICO
2504,SIN PRONOSTICO
2505,SIN PRONOSTICO
2506,SIN PRONOSTICO
2507,SIN PRONOSTICO
2508,SIN PRONOSTICO
2509,SIN PRONOSTICO
2510,SIN PRONOSTICO
2511,SIN PRONOSTICO
2512,SIN PRONOSTICO
2513,SIN PRONOSTICO
2514,SIN PRONOSTICO
2515,SIN PRONOSTICO
2516,SIN PRONOSTICO
2517,SIN PRONOSTICO
2518,SIN PRONOSTICO
2519,SIN PRONOSTICO
2520,SEQUIA
2521,SIN PRONOSTICO
2522,SIN PRONOSTICO
2523,SIN PRONOSTICO
2524,SIN PRONOSTICO
2525,SIN PRONOSTICO
2526,SIN PRONOSTICO
2527,SIN PRONOSTICO
2528,SIN PRONOSTICO
2529,SIN PRONOSTICO
2530,SIN PRONOSTICO
2531,SIN PRONOSTICO
2532,SIN PRONOSTICO
2533,SIN PRONOSTICO
2534,SIN PRONOSTICO
2535,SIN PRONOSTICO
2536,SIN PRONOSTICO
2537,SIN PRONOSTICO
2538,SIN PRONOSTICO
2539,SIN PRONOSTICO
2540,SIN PRONOSTICO
2541,SIN PRONOSTICO
2542,SIN PRONOSTICO
2543,LLUVIA
2544,LLUVIA
2545,LLUVIA
2546,LLUVIA
2547,LLUVIA
2548,LLUVIA
2549,LLUVIA
2550,SIN PRONOSTICO
2551,SIN PRONOSTICO
2552,SIN PRONOSTICO
2553,SIN PRONOSTICO
2554,SIN PRONOSTICO
2555,SIN PRONOSTICO
2556,SIN PRONOSTICO
2557,SIN PRONOSTICO
2558,SIN PRONOSTICO
2559,SIN PRONOSTICO
2560,SIN PRONOSTICO
2561,SIN PRONOSTICO
2562,SIN PRONOSTICO
2563,SIN PRONOSTICO
2564,SIN PRONOSTICO
2565,SIN PRONOSTICO
2566,SIN PRONOSTICO
2567,SIN PRONOSTICO
2568,SIN PRONOSTICO
2569,SIN PRONOSTICO
2570,SIN PRONOSTICO
2571,SIN PRONOSTICO
2572,SIN PRONOSTICO
2573,SIN PRONOSTICO
2574,SIN PRONOSTICO
2575,SIN PRONOSTICO
2576,SIN PRONOSTICO
2577,SIN PRONOSTICO
2578,SIN PRONOSTICO
2579,SIN PRONOSTICO
2580,SIN PRONOSTICO
2581,SIN PRONOSTICO
2582,SIN PRONOSTICO
2583,SIN PRONOSTICO
2584,SIN PRONOSTICO
2585,SIN PRONOSTICO
2586,SIN PRONOSTICO
2587,SIN PRONOSTICO
2588,LLUVIA
2589,LLUVIA
2590,LLUVIA
2591,LLUVIA
2592,LLUVIA
2593,LLUVIA
2594,LLUVIA
2595,LLUVIA
2596,LLUVIA
2597,LLUVIA
2598,LLUVIA
2599,LLUVIA
2600,LLUVIA
2601,LLUVIA
2602,LLUVIA
2603,LLUVIA
2604,LLUVIA
2605,LLUVIA
2606,LLUVIA
2607,LLUVIA
2608,LLUVIA
2609,LLUVIA
2610,SEQUIA
2611,LLUVIA
2612,LLUVIA
2613,LLUVIA
2614,LLUVIA
2615,LLUVIA
2616,LLUVIA
2617,LLUVIA
2618,LLUVIA
2619,LLUVIA
2620,LLUVIA
2621,LLUVIA
2622,LLUVIA INTESA
2623,LLUVIA
2624,LLUVIA
2625,LLUVIA
2626,LLUVIA
2627,LLUVIA
2628,LLUVIA
2629,LLUVIA
2630,LLUVIA
2631,LLUVIA
2632,LLUVIA
2633,SIN PRONOSTICO
2634,SIN PRONOSTICO
2635,SIN PRONOSTICO
2636,SIN PRONOSTICO
2637,SIN PRONOSTICO
2638,SIN PRONOSTICO
2639,SIN PRONOSTICO
2640,SIN PRONOSTICO
2641,SIN PRONOSTICO
2642,SIN PRONOSTICO
2643,SIN PRONOSTICO
2644,SIN PRONOSTICO
2645,SIN PRONOSTICO
2646,SIN PRONOSTICO
2647,SIN PRONOSTICO
2648,SIN PRONOSTICO
2649,SIN PRONOSTICO
2650,SIN PRONOSTICO
2651,SIN PRONOSTICO
2652,SIN PRONOSTICO
2653,SIN PRONOSTICO
2654,SIN PRONOSTICO
2655,SIN PRONOSTICO
2656,SIN PRONOSTICO
2657,SIN PRONOSTICO
2658,SIN PRONOSTICO
2659,SIN PRONOSTICO
2660,SIN PRONOSTICO
2661,SIN PRONOSTICO
2662,SIN PRONOSTICO
2663,SIN PRONOSTICO
2664,SIN PRONOSTICO
2665,SIN PRONOSTICO
2666,SIN PRONOSTICO
2667,SIN PRONOSTICO
2668,SIN PRONOSTICO
2669,SIN PRONOSTICO
2670,SIN PRONOSTICO
2671,LLUVIA
2672,LLUVIA
2673,LLUVIA
2674,LLUVIA
2675,LLUVIA
2676,LLUVIA
2677,LLUVIA
2678,SIN PRONOSTICO
2679,SIN PRONOSTICO
2680,SIN PRONOSTICO
2681,SIN PRONOSTICO
2682,SIN PRONOSTICO
2683,SIN PRONOSTICO
2684,SIN PRONOSTICO
2685,SIN PRONOSTICO
2686,SIN PRONOSTICO
2687,SIN PRONOSTICO
2688,SIN PRONOSTICO
2689,SIN PRONOSTICO
2690,SIN PRONOSTICO
2691,SIN PRONOSTICO
2692,SIN PRONOSTICO
2693,SIN PRONOSTICO
2694,SIN PRONOSTICO
2695,SIN PRONOSTICO
2696,SIN PRONOSTICO
2697,SIN PRONOSTICO
2698,SIN PRONOSTICO
2699,SIN PRONOSTICO
2700,SEQUIA
2701,SIN PRONOSTICO
2702,SIN PRONOSTICO
2703,SIN PRONOSTICO
2704,SIN PRONOSTICO
2705,SIN PRONOSTICO
2706,SIN PRONOSTICO
2707,SIN PRONOSTICO
2708,SIN PRONOSTICO
2709,SIN PRONOSTICO
2710,SIN PRONOSTICO
2711,SIN PRONOSTICO
2712,SIN PRONOSTICO
2713,SIN PRONOSTICO
2714,SIN PRONOSTICO
2715,SIN PRONOSTICO
2716,SIN PRONOSTICO
2717,SIN PRONOSTICO
2718,SIN PRONOSTICO
2719,SIN PRONOSTICO
2720,SIN PRONOSTICO
2721,SIN PRONOSTICO
2722,SIN PRONOSTICO
2723,LLUVIA
2724,LLUVIA
2725,LLUVIA
2726,LLUVIA
2727,LLUVIA
2728,LLUVIA
2729,LLUVIA
2730,LLUVIA
2731,SIN PRONOSTICO
2732,SIN PRONOSTICO
2733,SIN PRONOSTICO
2734,SIN PRONOSTICO
2735,SIN PRONOSTICO
2736,SIN PRONOSTICO
2737,SIN PRONOSTICO
2738,SIN PRONOSTICO
2739,SIN PRONOSTICO
2740,SIN PRONOSTICO
2741,SIN PRONOSTICO
2742,SIN PRONOSTICO
2743,SIN PRONOSTICO
2744,SIN PRONOSTICO
2745,SIN PRONOSTICO
2746,SIN PRONOSTICO
2747,SIN PRONOSTICO
2748,SIN PRONOSTICO
2749,SIN PRONOSTICO
2750,SIN PRONOSTICO
2751,SIN PRONOSTICO
2752,SIN PRONOSTICO
2753,SIN PRONOSTICO
2754,SIN PRONOSTICO
2755,SIN PRONOSTICO
2756,SIN PRONOSTICO
2757,SIN PRONOSTICO
2758,SIN PRONOSTICO
2759,SIN PRONOSTICO
2760,SIN PRONOSTICO
2761,SIN PRONOSTICO
2762,SIN PRONOSTICO
2763,SIN PRONOSTICO
2764,SIN PRONOSTICO
2765,SIN PRONOSTICO
2766,SIN PRONOSTICO
2767,SIN PRONOSTICO
2768,LLUVIA
2769,LLUVIA
2770,LLUVIA
2771,LLUVIA
2772,LLUVIA
2773,LLUVIA
2774,LLUVIA
2775,LLUVIA
2776,LLUVIA
2777,LLUVIA
2778,LLUVIA INTESA
2779,LLUVIA
2780,LLUVIA
2781,LLUVIA
2782,LLUVIA
2783,LLUVIA
2784,LLUVIA
2785,LLUVIA
2786,LLUVIA
2787,LLUVIA
2788,LLUVIA
2789,LLUVIA
2790,SEQUIA
2791,LLUVIA
2792,LLUVIA
2793,LLUVIA
2794,LLUVIA
2795,LLUVIA
2796,LLUVIA
2797,LLUVIA
2798,LLUVIA
2799,LLUVIA
2800,LLUVIA
2801,LLUVIA
2802,LLUVIA INTESA
2803,LLUVIA
2804,LLUVIA
2805,LLUVIA
2806,LLUVIA
2807,LLUVIA
2808,LLUVIA
2809,LLUVIA
2810,LLUVIA
2811,LLUVIA
2812,LLUVIA
2813,SIN PRONOSTICO
2814,SIN PRONOSTICO
2815,SIN PRONOSTICO
2816,SIN PRONOSTICO
2817,SIN PRONOSTICO
2818,SIN PRONOSTICO
2819,SIN PRONOSTICO
2820,SIN PRONOSTICO
2821,SIN PRONOSTICO
2822,SIN PRONOSTICO
2823,SIN PRONOSTICO
2824,SIN PRONOSTICO
2825,SIN PRONOSTICO
2826,SIN PRONOSTICO
2827,SIN PRONOSTICO
2828,SIN PRONOSTICO
2829,SIN PRONOSTICO
2830,SIN PRONOSTICO
2831,SIN PRONOSTICO
2832,SIN PRONOSTICO
2833,SIN PRONOSTICO
2834,SIN PRONOSTICO
2835,SIN PRONOSTICO
2836,SIN PRONOSTICO
2837,SIN PRONOSTICO
2838,SIN PRONOSTICO
2839,SIN PRONOSTICO
2840,SIN PRONOSTICO
2841,SIN PRONOSTICO
2842,SIN PRONOSTICO
2843,SIN PRONOSTICO
2844,SIN PRONOSTICO
2845,SIN PRONOSTICO
2846,SIN PRONOSTICO
2847,SIN PRONOSTICO
2848,SIN PRONOSTICO
2849,SIN PRONOSTICO
2850,LLUVIA
2851,LLUVIA
2852,LLUVIA
2853,LLUVIA
2854,LLUVIA
2855,LLUVIA
2856,LLUVIA
2857,LLUVIA
2858,SIN PRONOSTICO
2859,SIN PRONOSTICO
2860,SIN PRONOSTICO
2861,SIN PRONOSTICO
2862,SIN PRONOSTICO
2863,SIN PRONOSTICO
2864,SIN PRONOSTICO
2865,SIN PRONOSTICO
2866,SIN PRONOSTICO
2867,SIN PRONOSTICO
2868,SIN PRONOSTICO
2869,SIN PRONOSTICO
2870,SIN PRONOSTICO
2871,SIN PRONOSTICO
2872,SIN PRONOSTICO
2873,SIN PRONOSTICO
2874,SIN PRONOSTICO
2875,SIN PRONOSTICO
2876,SIN PRONOSTICO
2877,SIN PRONOSTICO
2878,SIN PRONOSTICO
2879,SIN PRONOSTICO
2880,SEQUIA
2881,SIN PRONOSTICO
2882,SIN PRONOSTICO
2883,SIN PRONOSTICO
2884,SIN PRONOSTICO
2885,SIN PRONOSTICO
2886,SIN PRONOSTICO
2887,SIN PRONOSTICO
2888,SIN PRONOSTICO
2889,SIN PRONOSTICO
2890,SIN PRONOSTICO
2891,SIN PRONOSTICO
2892,SIN PRONOSTICO
2893,SIN PRONOSTICO
2894,SIN PRONOSTICO
2895,SIN PRONOSTICO
2896,SIN PRONOSTICO
2897,SIN PRONOSTICO
2898,SIN PRONOSTICO
2899,SIN PRONOSTICO
2900,SIN PRONOSTICO
2901,SIN PRONOSTICO
2902,SIN PRONOSTICO
2903,LLUVIA
2904,LLUVIA
2905,LLUVIA
2906,LLUVIA
2907,LLUVIA
2908,LLUVIA
2909,LLUVIA
2910,SIN PRONOSTICO
2911,SIN PRONOSTICO
2912,SIN PRONOSTICO
2913,SIN PRONOSTICO
2914,SIN PRONOSTICO
2915,SIN PRONOSTICO
2916,SIN PRONOSTICO
2917,SIN PRONOSTICO
2918,SIN PRONOSTICO
2919,SIN PRONOSTICO
2920,SIN PRONOSTICO
2921,SIN PRONOSTICO
2922,SIN PRONOSTICO
2923,SIN PRONOSTICO
2924,SIN PRONOSTICO
2925,SIN PRONOSTICO
2926,SIN PRONOSTICO
2927,SIN PRONOSTICO
2928,SIN PRONOSTICO
2929,SIN PRONOSTICO
2930,SIN PRONOSTICO
2931,SIN PRONOSTICO
2932,SIN PRONOSTICO
2933,SIN PRONOSTICO
2934,SIN PRONOSTICO
2935,SIN PRONOSTICO
2936,SIN PRONOSTICO
2937,SIN PRONOSTICO
2938,SIN PRONOSTICO
2939,SIN PRONOSTICO
2940,SIN PRONOSTICO
2941,SIN PRONOSTICO
2942,SIN PRONOSTICO
2943,SIN PRONOSTICO
2944,SIN PRONOSTICO
2945,SIN PRONOSTICO
2946,SIN PRONOSTICO
2947,SIN PRONOSTICO
2948,LLUVIA
2949,LLUVIA
2950,LLUVIA
2951,LLUVIA
2952,LLUVIA
2953,LLUVIA
2954,LLUVIA
2955,LLUVIA
2956,LLUVIA
2957,LLUVIA
2958,LLUVIA
2959,LLUVIA
2960,LLUVIA
2961,LLUVIA
2962,LLUVIA
2963,LLUVIA
2964,LLUVIA
2965,LLUVIA
2966,LLUVIA
2967,LLUVIA
2968,LLUVIA
2969,LLUVIA
2970,SEQUIA
2971,LLUVIA
2972,LLUVIA
2973,LLUVIA
2974,LLUVIA
2975,LLUVIA
2976,LLUVIA
2977,LLUVIA
2978,LLUVIA
2979,LLUVIA
2980,LLUVIA
2981,LLUVIA
2982,LLUVIA INTESA
2983,LLUVIA
2984,LLUVIA
2985,LLUVIA
2986,LLUVIA
2987,LLUVIA
2988,LLUVIA
2989,LLUVIA
2990,LLUVIA
2991,LLUVIA
2992,LLUVIA
2993,SIN PRONOSTICO
2994,SIN PRONOSTICO
2995,SIN PRONOSTICO
2996,SIN PRONOSTICO
2997,SIN PRONOSTICO
2998,SIN PRONOSTICO
2999,SIN PRONOSTICO
3000,SIN PRONOSTICO
3001,SIN PRONOSTICO
3002,SIN PRONOSTICO
3003,SIN PRONOSTICO
3004,SIN PRONOSTICO
3005,SIN PRONOSTICO
3006,SIN PRONOSTICO
3007,SIN PRONOSTICO
3008,SIN PRONOSTICO
3009,SIN PRONOSTICO
3010,SIN PRONOSTICO
3011,SIN PRONOSTICO
3012,SIN PRONOSTICO
3013,SIN PRONOSTICO
3014,SIN PRONOSTICO
3015,SIN PRONOSTICO
3016,SIN PRONOSTICO
3017,SIN PRONOSTICO
3018,SIN PRONOSTICO
3019,SIN PRONOSTICO
3020,SIN PRONOSTICO
3021,SIN PRONOSTICO
3022,SIN PRONOSTICO
3023,SIN PRONOSTICO
3024,SIN PRONOSTICO
3025,SIN PRONOSTICO
3026,SIN PRONOSTICO
3027,SIN PRONOSTICO
3028,SIN PRONOSTICO
3029,SIN PRONOSTICO
3030,LLUVIA
3031,LLUVIA
3032,LLUVIA
3033,LLUVIA
3034,LLUVIA
3035,LLUVIA
3036,LLUVIA
3037,LLUVIA
3038,SIN PRONOSTICO
3039,SIN PRONOSTICO
3040,SIN PRONOSTICO
3041,SIN PRONOSTICO
3042,SIN PRONOSTICO
3043,SIN PRONOSTICO
3044,SIN PRONOSTICO
3045,SIN PRONOSTICO
3046,SIN PRONOSTICO
3047,SIN PRONOSTICO
3048,SIN PRONOSTICO
3049,SIN PRONOSTICO
3050,SIN PRONOSTICO
3051,SIN PRONOSTICO
3052,SIN PRONOSTICO
3053,SIN PRONOSTICO
3054,SIN PRONOSTICO
3055,SIN PRONOSTICO
3056,SIN PRONOSTICO
3057,SIN PRONOSTICO
3058,SIN PRONOSTICO
3059,SIN PRONOSTICO
3060,SEQUIA
3061,SIN PRONOSTICO
3062,SIN PRONOSTICO
3063,SIN PRONOSTICO
3064,SIN PRONOSTICO
3065,SIN PRONOSTICO
3066,SIN PRONOSTICO
3067,SIN PRONOSTICO
3068,SIN PRONOSTICO
3069,SIN PRONOSTICO
3070,SIN PRONOSTICO
3071,SIN PRONOSTICO
3072,SIN PRONOSTICO
3073,SIN PRONOSTICO
3074,SIN PRONOSTICO
3075,SIN PRONOSTICO
3076,SIN PRONOSTICO
3077,SIN PRONOSTICO
3078,SIN PRONOSTICO
3079,SIN PRONOSTICO
3080,SIN PRONOSTICO
3081,SIN PRONOSTICO
3082,SIN PRONOSTICO
3083,LLUVIA
3084,LLUVIA
3085,LLUVIA
3086,LLUVIA
3087,LLUVIA
3088,LLUVIA
3089,LLUVIA
3090,LLUVIA
3091,SIN PRONOSTICO
3092,SIN PRONOSTICO
3093,SIN PRONOSTICO
3094,SIN PRONOSTICO
3095,SIN PRONOSTICO
3096,SIN PRONOSTICO
3097,SIN PRONOSTICO
3098,SIN PRONOSTICO
3099,SIN PRONOSTICO
3100,SIN PRONOSTICO
3101,SIN PRONOSTICO
3102,SIN PRONOSTICO
3103,SIN PRONOSTICO
3104,SIN PRONOSTICO
3105,SIN PRONOSTICO
3106,SIN PRONOSTICO
3107,SIN PRONOSTICO
3108,SIN PRONOSTICO
3109,SIN PRONOSTICO
3110,SIN PRONOSTICO
3111,SIN PRONOSTICO
3112,SIN PRONOSTICO
3113,SIN PRONOSTICO
3114,SIN PRONOSTICO
3115,SIN PRONOSTICO
3116,SIN PRONOSTICO
3117,SIN PRONOSTICO
3118,SIN PRONOSTICO
3119,SIN PRONOSTICO
3120,SIN PRONOSTICO
3121,SIN PRONOSTICO
3122,SIN PRONOSTICO
3123,SIN PRONOSTICO
3124,SIN PRONOSTICO
3125,SIN PRONOSTICO
3126,SIN PRONOSTICO
3127,SIN PRONOSTICO
3128,LLUVIA
3129,LLUVIA
3130,LLUVIA
3131,LLUVIA
3132,LLUVIA
3133,LLUVIA
3134,LLUVIA
3135,LLUVIA
3136,LLUVIA
3137,LLUVIA
3138,LLUVIA
3139,LLUVIA
3140,LLUVIA
3141,LLUVIA
3142,LLUVIA
3143,LLUVIA
3144,LLUVIA
3145,LLUVIA
3146,LLUVIA
3147,LLUVIA
3148,LLUVIA
3149,LLUVIA
3150,SEQUIA
3151,LLUVIA
3152,LLUVIA
3153,LLUVIA
3154,LLUVIA
3155,LLUVIA
3156,LLUVIA
3157,LLUVIA
3158,LLUVIA
3159,LLUVIA
3160,LLUVIA
3161,LLUVIA
3162,LLUVIA
3163,LLUVIA
3164,LLUVIA
3165,LLUVIA
3166,LLUVIA
3167,LLUVIA
3168,LLUVIA
3169,LLUVIA
3170,LLUVIA
3171,LLUVIA
3172,LLUVIA
3173,SIN PRONOSTICO
3174,SIN PRONOSTICO
3175,SIN PRONOSTICO
3176,SIN PRONOSTICO
3177,SIN PRONOSTICO
3178,SIN PRONOSTICO
3179,SIN PRONOSTICO
3180,SIN PRONOSTICO
3181,SIN PRONOSTICO
3182,SIN PRONOSTICO
3183,SIN PRONOSTICO
3184,SIN PRONOSTICO
3185,SIN PRONOSTICO
3186,SIN PRONOSTICO
3187,SIN PRONOSTICO
3188,SIN PRONOSTICO
3189,SIN PRONOSTICO
3190,SIN PRONOSTICO
3191,SIN PRONOSTICO
3192,SIN PRONOSTICO
3193,SIN PRONOSTICO
3194,SIN PRONOSTICO
3195,SIN PRONOSTICO
3196,SIN PRONOSTICO
3197,SIN PRONOSTICO
3198,SIN PRONOSTICO
3199,SIN PRONOSTICO
3200,SIN PRONOSTICO
3201,SIN PRONOSTICO
3202,SIN PRONOSTICO
3203,SIN PRONOSTICO
3204,SIN PRONOSTICO
3205,SIN PRONOSTICO
3206,SIN PRONOSTICO
3207,SIN PRONOSTICO
3208,SIN PRONOSTICO
3209,SIN PRONOSTICO
3210,LLUVIA
3211,LLUVIA
3212,LLUVIA
3213,LLUVIA
3214,LLUVIA
3215,LLUVIA
3216,LLUVIA
3217,LLUVIA
3218,SIN PRONOSTICO
3219,SIN PRONOSTICO
3220,SIN PRONOSTICO
3221,SIN PRONOSTICO
3222,SIN PRONOSTICO
3223,SIN PRONOSTICO
3224,SIN PRONOSTICO
3225,SIN PRONOSTICO
3226,SIN PRONOSTICO
3227,SIN PRONOSTICO
3228,SIN PRONOSTICO
3229,SIN PRONOSTICO
3230,SIN PRONOSTICO
3231,SIN PRONOSTICO
3232,SIN PRONOSTICO
3233,SIN PRONOSTICO
3234,SIN PRONOSTICO
3235,SIN PRONOSTICO
3236,SIN PRONOSTICO
3237,SIN PRONOSTICO
3238,SIN PRONOSTICO
3239,SIN PRONOSTICO
3240,SEQUIA
3241,SIN PRONOSTICO
3242,SIN PRONOSTICO
3243,SIN PRONOSTICO
3244,SIN PRONOSTICO
3245,SIN PRONOSTICO
3246,SIN PRONOSTICO
3247,SIN PRONOSTICO
3248,SIN PRONOSTICO
3249,SIN PRONOSTICO
3250,SIN PRONOSTICO
3251,SIN PRONOSTICO
3252,SIN PRONOSTICO
3253,SIN PRONOSTICO
3254,SIN PRONOSTICO
3255,SIN PRONOSTICO
3256,SIN PRONOSTICO
3257,SIN PRONOSTICO
3258,SIN PRONOSTICO
3259,SIN PRONOSTICO
3260,SIN PRONOSTICO
3261,SIN PRONOSTICO
3262,SIN PRONOSTICO
3263,LLUVIA
3264,LLUVIA
3265,LLUVIA
3266,LLUVIA
3267,LLUVIA
3268,LLUVIA
3269,LLUVIA
3270,SIN PRONOSTICO
3271,SIN PRONOSTICO
3272,SIN PRONOSTICO
3273,SIN PRONOSTICO
3274,SIN PRONOSTICO
3275,SIN PRONOSTICO
3276,SIN PRONOSTICO
3277,SIN PRONOSTICO
3278,SIN PRONOSTICO
3279,SIN PRONOSTICO
3280,SIN PRONOSTICO
3281,SIN PRONOSTICO
3282,SIN PRONOSTICO
3283,SIN PRONOSTICO
3284,SIN PRONOSTICO
3285,SIN PRONOSTICO
3286,SIN PRONOSTICO
3287,SIN PRONOSTICO
3288,SIN PRONOSTICO
3289,SIN PRONOSTICO
3290,SIN PRONOSTICO
3291,SIN PRONOSTICO
3292,SIN PRONOSTICO
3293,SIN PRONOSTICO
3294,SIN PRONOSTICO
3295,SIN PRONOSTICO
3296,SIN PRONOSTICO
3297,SIN PRONOSTICO
3298,SIN PRONOSTICO
3299,SIN PRONOSTICO
3300,SIN PRONOSTICO
3301,SIN PRONOSTICO
3302,SIN PRONOSTICO
3303,SIN PRONOSTICO
3304,SIN PRONOSTICO
3305,SIN PRONOSTICO
3306,SIN PRONOSTICO
3307,SIN PRONOSTICO
3308,LLUVIA
3309,LLUVIA
3310,LLUVIA
3311,LLUVIA
3312,LLUVIA
3313,LLUVIA
3314,LLUVIA
3315,LLUVIA
3316,LLUVIA
3317,LLUVIA
3318,LLUVIA
3319,LLUVIA
3320,LLUVIA
3321,LLUVIA
3322,LLUVIA
3323,LLUVIA
3324,LLUVIA
3325,LLUVIA
3326,LLUVIA
3327,LLUVIA
3328,LLUVIA
3329,LLUVIA
3330,SEQUIA
3331,LLUVIA
3332,LLUVIA
3333,LLUVIA
3334,LLUVIA
3335,LLUVIA
3336,LLUVIA
3337,LLUVIA
3338,LLUVIA
3339,LLUVIA
3340,LLUVIA
3341,LLUVIA
3342,LLUVIA
3343,LLUVIA
3344,LLUVIA
3345,LLUVIA
3346,LLUVIA
3347,LLUVIA
3348,LLUVIA
3349,LLUVIA
3350,LLUVIA
3351,LLUVIA
3352,LLUVIA
3353,SIN PRONOSTICO
3354,SIN PRONOSTICO
3355,SIN PRONOSTICO
3356,SIN PRONOSTICO
3357,SIN PRONOSTICO
3358,SIN PRONOSTICO
3359,SIN PRONOSTICO
3360,SIN PRONOSTICO
3361,SIN PRONOSTICO
3362,SIN PRONOSTICO
3363,SIN PRONOSTICO
3364,SIN PRONOSTICO
3365,SIN PRONOSTICO
3366,SIN PRONOSTICO
3367,SIN PRONOSTICO
3368,SIN PRONOSTICO
3369,SIN PRONOSTICO
3370,SIN PRONOSTICO
3371,SIN PRONOSTICO
3372,SIN PRONOSTICO
3373,SIN PRONOSTICO
3374,SIN PRONOSTICO
3375,SIN PRONOSTICO
3376,SIN PRONOSTICO
3377,SIN PRONOSTICO
3378,SIN PRONOSTICO
3379,SIN PRONOSTICO
3380,SIN PRONOSTICO
3381,SIN PRONOSTICO
3382,SIN PRONOSTICO
3383,SIN PRONOSTICO
3384,SIN PRONOSTICO
3385,SIN PRONOSTICO
3386,SIN PRONOSTICO
3387,SIN PRONOSTICO
3388,SIN PRONOSTICO
3389,SIN PRONOSTICO
3390,SIN PRONOSTICO
3391,LLUVIA
3392,LLUVIA
3393,LLUVIA
3394,LLUVIA
3395,LLUVIA
3396,LLUVIA
3397,LLUVIA
3398,SIN PRONOSTICO
3399,SIN PRONOSTICO
3400,SIN PRONOSTICO
3401,SIN PRONOSTICO
3402,SIN PRONOSTICO
3403,SIN PRONOSTICO
3404,SIN PRONOSTICO
3405,SIN PRONOSTICO
3406,SIN PRONOSTICO
3407,SIN PRONOSTICO
3408,SIN PRONOSTICO
3409,SIN PRONOSTICO
3410,SIN PRONOSTICO
3411,SIN PRONOSTICO
3412,SIN PRONOSTICO
3413,SIN PRONOSTICO
3414,SIN PRONOSTICO
3415,SIN PRONOSTICO
3416,SIN PRONOSTICO
3417,SIN PRONOSTICO
3418,SIN PRONOSTICO
3419,SIN PRONOSTICO
3420,SEQUIA
3421,SIN PRONOSTICO
3422,SIN PRONOSTICO
3423,SIN PRONOSTICO
3424,SIN PRONOSTICO
3425,SIN PRONOSTICO
3426,SIN PRONOSTICO
3427,SIN PRONOSTICO
3428,SIN PRONOSTICO
3429,SIN PRONOSTICO
3430,SIN PRONOSTICO
3431,SIN PRONOSTICO
3432,SIN PRONOSTICO
3433,SIN PRONOSTICO
3434,SIN PRONOSTICO
3435,SIN PRONOSTICO
3436,SIN PRONOSTICO
3437,SIN PRONOSTICO
3438,SIN PRONOSTICO
3439,SIN PRONOSTICO
3440,SIN PRONOSTICO
3441,SIN PRONOSTICO
3442,SIN PRONOSTICO
3443,LLUVIA
3444,LLUVIA
3445,LLUVIA
3446,LLUVIA
3447,LLUVIA
3448,LLUVIA
3449,LLUVIA
3450,LLUVIA
3451,SIN PRONOSTICO
3452,SIN PRONOSTICO
3453,SIN PRONOSTICO
3454,SIN PRONOSTICO
3455,SIN PRONOSTICO
3456,SIN PRONOSTICO
3457,SIN PRONOSTICO
3458,SIN PRONOSTICO
3459,SIN PRONOSTICO
3460,SIN PRONOSTICO
3461,SIN PRONOSTICO
3462,SIN PRONOSTICO
3463,SIN PRONOSTICO
3464,SIN PRONOSTICO
3465,SIN PRONOSTICO
3466,SIN PRONOSTICO
3467,SIN PRONOSTICO
3468,SIN PRONOSTICO
3469,SIN PRONOSTICO
3470,SIN PRONOSTICO
3471,SIN PRONOSTICO
3472,SIN PRONOSTICO
3473,SIN PRONOSTICO
3474,SIN PRONOSTICO
3475,SIN PRONOSTICO
3476,SIN PRONOSTICO
3477,SIN PRONOSTICO
3478,SIN PRONOSTICO
3479,SIN PRONOSTICO
3480,SIN PRONOSTICO
3481,SIN PRONOSTICO
3482,SIN PRONOSTICO
3483,SIN PRONOSTICO
3484,SIN PRONOSTICO
3485,SIN PRONOSTICO
3486,SIN PRONOSTICO
3487,SIN PRONOSTICO
3488,LLUVIA
3489,LLUVIA
3490,LLUVIA
3491,LLUVIA
3492,LLUVIA
3493,LLUVIA
3494,LLUVIA
3495,LLUVIA
3496,LLUVIA
3497,LLUVIA
3498,LLUVIA
3499,LLUVIA
3500,LLUVIA
3501,LLUVIA
3502,LLUVIA
3503,LLUVIA
3504,LLUVIA
3505,LLUVIA
3506,LLUVIA
3507,LLUVIA
3508,LLUVIA
3509,LLUVIA
3510,SEQUIA
3511,LLUVIA
3512,LLUVIA
3513,LLUVIA
3514,LLUVIA
3515,LLUVIA
3516,LLUVIA
3517,LLUVIA
3518,LLUVIA
3519,LLUVIA
3520,LLUVIA
3521,LLUVIA
3522,LLUVIA
3523,LLUVIA
3524,LLUVIA
3525,LLUVIA
3526,LLUVIA
3527,LLUVIA
3528,LLUVIA
3529,LLUVIA
3530,LLUVIA
3531,LLUVIA
3532,LLUVIA
3533,SIN PRONOSTICO
3534,SIN PRONOSTICO
3535,SIN PRONOSTICO
3536,SIN PRONOSTICO
3537,SIN PRONOSTICO
3538,SIN PRONOSTICO
3539,SIN PRONOSTICO
3540,SIN PRONOSTICO
3541,SIN PRONOSTICO
3542,SIN PRONOSTICO
3543,SIN PRONOSTICO
3544,SIN PRONOSTICO
3545,SIN PRONOSTICO
3546,SIN PRONOSTICO
3547,SIN PRONOSTICO
3548,SIN PRONOSTICO
3549,SIN PRONOSTICO
3550,SIN PRONOSTICO
3551,SIN PRONOSTICO
3552,SIN PRONOSTICO
3553,SIN PRONOSTICO
3554,SIN PRONOSTICO
3555,SIN PRONOSTICO
3556,SIN PRONOSTICO
3557,SIN PRONOSTICO
3558,SIN PRONOSTICO
3559,SIN PRONOSTICO
3560,SIN PRONOSTICO
3561,SIN PRONOSTICO
3562,SIN PRONOSTICO
3563,SIN PRONOSTICO
3564,SIN PRONOSTICO
3565,SIN PRONOSTICO
3566,SIN PRONOSTICO
3567,SIN PRONOSTICO
3568,SIN PRONOSTICO
3569,SIN PRONOSTICO
3570,LLUVIA
3571,LLUVIA
3572,LLUVIA
3573,LLUVIA
3574,LLUVIA
3575,LLUVIA
3576,LLUVIA
3577,LLUVIA
3578,SIN PRONOSTICO
3579,SIN PRONOSTICO
3580,SIN PRONOSTICO
3581,SIN PRONOSTICO
3582,SIN PRONOSTICO
3583,SIN PRONOSTICO
3584,SIN PRONOSTICO
3585,SIN PRONOSTICO
3586,SIN PRONOSTICO
3587,SIN PRONOSTICO
3588,SIN PRONOSTICO
3589,SIN PRONOSTICO
3590,SIN PRONOSTICO
3591,SIN PRONOSTICO
3592,SIN PRONOSTICO
3593,SIN PRONOSTICO
3594,SIN PRONOSTICO
3595,SIN PRONOSTICO
3596,SIN PRONOSTICO
3597,SIN PRONOSTICO
3598,SIN PRONOSTICO
3599,SIN PRONOSTICO
3600,SEQUIA
3601,SIN PRONOSTICO
3602,SIN PRONOSTICO
3603,SIN PRONOSTICO
3604,SIN PRONOSTICO
3605,SIN PRONOSTICO
3606,SIN PRONOSTICO
3607,SIN PRONOSTICO
3608,SIN PRONOSTICO
3609,SIN PRONOSTICO
3610,SIN PRONOSTICO
3611,SIN PRONOSTICO
3612,SIN PRONOSTICO
3613,SIN PRONOSTICO
3614,SIN PRONOSTICO
3615,SIN PRONOSTICO
3616,SIN PRONOSTICO
3617,SIN PRONOSTICO
3618,SIN PRONOSTICO
3619,SIN PRONOSTICO
3620,SIN PRONOSTICO
3621,SIN PRONOSTICO
3622,SIN PRONOSTICO
3623,LLUVIA
3624,LLUVIA
3625,LLUVIA
3626,LLUVIA
3627,LLUVIA
3628,LLUVIA
3629,LLUVIA
3630,SIN PRONOSTICO
3631,SIN PRONOSTICO
3632,SIN PRONOSTICO
3633,SIN PRONOSTICO
3634,SIN PRONOSTICO
3635,SIN PRONOSTICO
3636,SIN PRONOSTICO
3637,SIN PRONOSTICO
3638,SIN PRONOSTICO
3639,SIN PRONOSTICO
3640,SIN PRONOSTICO
3641,SIN PRONOSTICO
3642,SIN PRONOSTICO
3643,SIN PRONOSTICO
3644,SIN PRONOSTICO
3645,SIN PRONOSTICO
3646,SIN PRONOSTICO
3647,SIN PRONOSTICO
3648,SIN PRONOSTICO
3649,SIN PRONOSTICO
3650,SIN PRONOSTICO
